SampleID,MDS1,MDS2,MDS3
101_S1_NS_A1,-0.4476621646486308,0.08893128442348548,-0.6852620839588962
101_V3_NS_A1,-0.9582018847932566,0.4241651667345265,-0.3772478119494803
101_V5_NS_A1,-0.27166560263145245,0.11327920409981336,-0.16668203061734316
102_V1_NS_A1,-0.3307172774224968,0.010521605755605129,0.3303101210532138
102_V3_NS_A1,-0.29780257005790167,0.006618132062682939,-0.065613178028516
102_V5_NS_A1,-0.26446911016998614,-0.33523960786162615,-0.08438707981541421
102_V6_NS_A1,-0.6713828781126736,-0.12986101557807267,-0.2107525472570408
103_S1_NS_A1,0.5531770363998993,0.2899449898107491,0.3460058406108345
103_S3_NS_A1,0.5102589088025368,0.49972582553355754,0.14606287788599132
103_V10_NS_A1,0.27454473836860355,-0.001400763188692414,0.4452449735916746
103_V11_NS_A1,0.1331863640693399,-0.2128349105429519,-0.23613378567793883
103_V12_NS_A1,0.22652730916084762,-0.14865898901729052,0.2844840984999873
103_V3_NS_A1,-0.44693246735920084,0.34498638712504204,-0.22850225591963727
103_V4_NS_A1,-0.5872801513226646,0.1571384499408327,0.34879805669032343
103_V5_NS_A1,0.03476964484336659,0.2711452539845901,-0.2454693198352649
103_V7_NS_A1,-0.26352404624966336,0.24066322624542894,0.07218921844173856
103_V8_NS_A1,0.2726015040333053,0.22718465354753736,0.26109057191765295
103_V9_NS_A1,0.21472100111735312,0.14694208125238076,0.816645299328851
104_V2_NS_A1,-0.5982981905232707,0.3183723921520016,0.05025439456063132
105_S1_NS_1a,-0.7674906851373627,-0.061251034217058624,-0.05802291187674372
105_S2_NS_A1,0.0825606991254495,-0.02386195464990545,0.39693467196275856
105_V2_NS_A1,-0.11364640959826793,-0.6598822575896593,-0.003055050258133565
105_V5_NS_A1,-0.3735814385251998,0.12471141076126684,-0.15178069947590062
105_V6_NS_A1,-0.03358187068683979,-0.05358288054615041,-0.47678767078716094
105_V7_NS_A1,-0.20115288331133876,0.033043865662844125,-0.21742343002237977
106_A1_NS_A1,0.48277838585510235,0.10785271940346403,0.21859886107840265
106_AF1_NS_A1,0.34406755391624366,0.02669247134036238,0.061362702500728616
106_S1_NS_A1,0.14770184159376112,-0.16787557716291818,0.12770579269308432
106_V5_NS_A1,-0.3434990201314938,0.1522627683685467,0.440604592937529
106_V6_NS_A1,-0.15910602681923497,0.0054682741960127125,0.3851101887652742
106_V7_NS_A1,0.14153297553049088,0.16061648265240636,0.11068531664798714
106_V8_NS_A1,0.09498893121658034,0.10182664602246466,0.2911328003463634
106_V9_NS_A1,0.12144467033578653,-0.471188198863794,0.17826696490721783
107_A3_NS_A1,0.46508327296457325,0.21609524188262533,0.2519111493561078
107_S2_NS_A1,0.17651198986911848,0.16628749468104365,0.31386174695673313
107_S3_NS_A1,0.06682855307776013,0.12091950963781886,0.21323332424671093
107_V5_NS_A1,-0.36385022108860215,0.26484788133947634,-0.07368182852110097
107_V6_NS_A1,0.026711800512244,0.36803963207008794,0.19311913348031673
107_V7_NS_A1,0.18420920946846991,0.2223062841419194,0.18524850069320847
107_V8_NS_A1,0.2234096884232272,0.163789051438963,0.24554531806679697
107_V9_NS_A1,0.18734724813961445,-0.22477164519504336,0.17494345339655243
108_A1_NS_A1,0.21528018908229976,-0.017036234571246096,0.7219137296417613
108_A2_NS_A1,0.5319797775025974,0.4798649129809435,0.4114996269688321
108_A3_NS_A1,0.1748516783740737,-0.06722197187156684,0.11707951150261067
108_A4_NS_A1,0.21843526658855988,0.4628223045572124,0.9246432368132902
108_S2_NS_A1,-0.25577319743706634,0.04072724085865094,0.051698211328518005
108_S3_NS_A1,0.18458759076191067,0.1259752832109289,-0.08081933555450732
108_S5_NS_A1,0.2479314829601546,0.4589254291336077,0.19588444694054816
108_S7_NS_A1,0.26082467204896354,0.3668062572166414,0.27141529464778813
108_V10_NS_A1,0.34368485938688736,0.3892753410092171,0.14633154233916726
108_V11_NS_A1,0.20326459544016195,-0.056645951310363506,0.06908680347337678
108_V12_NS_A1,0.12879182076399143,-0.6388620854770395,0.12914953441128077
108_V4_NS_A1,-0.5022569704279024,0.3444246412720281,-0.10050053236281639
108_V5_NS_A1,-0.5644032943029023,0.378628466714367,-0.39396605395664624
108_V7_NS_A1,-0.27564420969730863,-0.020330491740195827,0.1182490463080282
108_V8_NS_A1,0.2528196031527755,0.0898234383080956,-0.07425421152870652
109_S1_NS_A1,-0.128792992415215,-0.2465488563442299,-0.23906457737883374
109_S2_NS_A1,-0.04576360297928903,-0.15158452043402929,0.09881263791462773
109_S3_NS_A1,0.0472192781608159,-0.37303631801685133,0.032726199121236914
109_S4_NS_A1,-0.2459814204299328,-0.11600219835267679,0.23934030095096245
109_S5_NS_A1,0.1544423817517882,-0.6954424629530428,0.09729631222875025
109_V10_NS_A1,0.19403782080346466,-0.6518391462540024,0.07500917869848696
109_V11_NS_A1,0.15071040261919452,-0.514734958283136,-0.05134086657588917
109_V1_NS_A1,-0.33630295771928664,-0.045080441129042685,0.29197785601774867
109_V3_NS_2a,-0.37263356663874614,0.06715505832886605,0.09519449013883423
109_V4_NS_2a,-0.4637810824745174,-0.021371290703691183,-0.06620252776601386
109_V5_NS_A1,-0.292884812707281,-0.26815563559581024,-0.49283668775775136
109_V6_NS_A1,-0.2435200419622481,-0.2511798991980192,-0.08361870406044764
109_V7_NS_A1,-0.11191043539825152,-0.08066763513713508,-0.29124352632229655
109_V8_NS_A1,0.11534449149994144,-0.06688088049419502,0.019031108520461408
110_S2_NS_A1,0.39835865548767196,0.4148033862377865,-0.0511947035066013
110_S3_NS_A1,0.10720485840675263,-0.38856991838240185,0.0793908429095259
110_S4_NS_A1,0.46080135971135455,0.1573351821579808,0.18807222557401004
110_V10_NS_A1,0.18813281858218064,-0.5043223877966673,0.01761499712678317
110_V11_NS_A1,-0.02986511187638813,0.24787881114691102,0.10182931215893046
110_V12_NS_A1,-0.03750607410477334,0.2187546483945034,-0.38427039307708316
110_V5_NS_A1,-0.001284266649389699,0.3756374536980824,0.15383964619363566
110_V6_NS_A1,0.22879520297873576,0.40502877646602836,-0.13147308318638184
110_V7_NS_A1,0.1972983725822827,0.3351268799543376,0.02208068511027359
110_V8_NS_A1,0.167417416106739,0.1440419902480903,-0.023567803981046586
110_V9_NS_A1,0.3200085535285448,-0.16101566229369138,-0.02805418021089659
111_S1V3_NS_A1,-0.5532553245089176,0.3285342954874405,0.11975812824352795
111_S1_NS_A1,0.42856392459630827,0.2768870139482027,-0.024614772829459914
111_V7_NS_A1,0.10756653021225153,0.017978286569295406,0.008381671418013052
112_A1_NS_A1,0.13279650685295416,-0.1419624690200829,0.03224728030762928
112_A2_NS_A1,0.23587243945432013,-0.06721110525732427,0.37591175738600296
112_S1_NS_A1,0.1257734722286618,0.3145769245062973,-0.057078787975834565
112_V11_NS_A1,0.24814668112072777,0.30044857171038775,-0.10137802276841751
112_V12_NS_A1,0.2322849947046171,-0.2778424789135508,0.0558065001264688
112_V7_NS_A1,0.19262302831424485,0.3317209638798655,0.1107935159717582
112_V8_NS_A1,0.255641300335905,0.2931939510115048,0.052726623257098926
112_V9_NS_A1,0.1080017207503007,-0.012269526102080045,0.17114783277932366
113_S1_NS_A1,0.2517900510289879,-0.03856909303403464,0.21064396704165494
113_V10_NS_A1,-0.05478004072184812,-0.18080801647402128,-0.09208387502674024
113_V11_NS_A1,0.29819189768632276,-0.49996954742931443,-0.17734354516319545
113_V12_NS_A1,0.2863549573854286,-0.397473132517844,0.05618057597567861
113_V1_NS_2a,-0.3425317452135001,0.15887968864858487,0.5171506851431106
113_V5_NS_A1,-0.2548449620951845,0.02279865912519616,-0.008183187828060486
113_V6_NS_A1,-0.19601248307138647,-0.5550011615976875,0.18099858077298367
113_V7_NS_A1,0.29255750204177156,0.09189204649324993,-0.07729044777643747
113_V8_NS_A1,0.3920958637584822,-0.10829863518703975,-0.13051194119319334
113_V9_NS_A1,0.17533934334287082,-0.5970333111799264,0.15145729980918987
114_V5_NS_A1,-0.02554185801387257,0.15959623189619912,-0.08788252739603462
114_V6_NS_A1,0.26095393292105973,-0.11444709328927563,-0.21782979250213724
114_V7_NS_A1,0.36988847434988753,0.22969720529615337,0.1660937712983858
114_V8_NS_A2,0.3299493217211628,0.34025472014992497,0.17557885148542327
114_V9_NS_A1,0.2601280960256951,0.019852362743680865,0.24307901297099554
115_S1_NS_A1,-0.015349370606939802,-0.6605620671488042,0.0846476562332503
115_V10_NS_A1,-0.06150958644321168,-0.22765993966439432,0.031068879085882288
115_V11_NS_A1,0.48869427211357247,0.2138391722617403,-0.04179913717691894
115_V12_NS_A1,0.042297321004292766,-0.41675676960131874,-0.029929198998607288
115_V5_NS_A1,-0.28837406367672086,-0.1847954927404137,-0.40150272203901893
115_V6_NS_A1,-0.07325220468405652,-0.24435657427143356,0.1282233853034924
115_V8_NS_A1,0.16698510117355836,-0.12984031977182806,0.09088891824146325
115_V9_NS_A1,0.3243683983485259,-0.16145366670977526,-0.12529564602083654
116_V1_NS_2a,-0.3226418596723621,0.08192231987076182,0.3538939469165911
116_V3_NS_A1,-0.5377375223993771,0.224765973902427,0.11935591210359614
116_V5_NS_A1,-0.13650195342814234,0.02208428870055853,-0.0197656518058394
116_V6_NS_A1,0.03544135151399851,0.11661458844621178,0.08467227674917378
116_V7_NS_A1,0.07402510909703712,0.015263038784203103,0.009527318464573602
116_V8_NS_A1,0.07652021310373246,0.26955460598060793,0.005766851910291917
117_S1_NS_A2,-0.055060115210710865,0.31194880248308926,0.24236271312674662
117_S2_NS_A1,0.1810008190324855,0.18666456110641394,-0.07319271910055425
117_S3_NS_A1,-0.18169440417515753,-0.09795708909234027,0.17411039739946194
117_V10_NS_A1,0.030527916526822647,-0.14070060402901371,0.007913423411123423
117_V11_NS_A1,0.14811465886705374,-0.11491885888818676,-0.14816341363888938
117_V12_NS_A1,0.2504178992204691,-0.4794678725559659,-0.1322052043246711
117_V3_NS_A1,-0.5163500397245507,0.27440103872229193,0.18457305549722017
117_V5_NS_A1,-0.3942095440476075,0.18308835007703667,-0.02070946221233997
117_V6_NS_A1,-0.3081514403841782,0.16788912261084407,0.25786459239281967
117_V7_NS_A1,-0.2525767892831143,0.08805791807924922,-0.04150134410162963
117_V8_NS_A1,0.40838525398385067,0.07028703052774415,-0.082956895406154793
117_V9_NS_A1,0.18981047364247458,-0.0950853322605205,-0.27293462912900673
118_S1_NS_A1,-0.1271488628421385,-0.2708103030207236,0.12585760121821502
118_S2_NS_A1,0.16174017294166892,-0.46421867762052305,-0.2563922654453676
118_S4_NS_A1,-0.018512795137960645,0.5673149806991912,-0.16132712875615723
118_V10_NS_A1,0.0965686050966863,-0.3757362891833452,-0.16390567850257945
118_V11_NS_A1,0.6669088652960456,0.2106473580083817,0.1948928985216295
118_V12_NS_A1,0.2542866655535577,-0.4137181547416427,-0.018149946744705957
118_V6_NS_A1,0.0353532246844529,-0.1693372227508291,-0.46718564456077716
118_V7_NS_A1,-0.08928108239816623,-0.07755523181345665,-0.016726520862091632
118_V8_NS_A1,-0.5626866474864972,-0.04986119063389431,0.25674951934182505
118_V9_NS_A1,0.1496469969795111,-0.11039829408804473,-0.5264433111119124
119_V10_NS_A1,0.1957547781725747,0.2501192023194557,-0.04429135590856659
119_V11_NS_A1,-0.0034626280231824097,-0.44461270742740405,0.08498189957535127
119_V2_NS_A1,-0.4446194935039752,0.07317456189662443,0.20176082415445068
119_V5_NS_A1,-0.4096056868954068,0.5640948508551384,-0.5768607910723526
119_V6_NS_A1,-0.11942682892170967,0.20241858639835394,-0.2321748130178951
119_V7_NS_A1,0.7303746950910471,0.1880230729273118,0.01946496039154127
119_V8_NS_A1,0.2813554405141849,0.38899319374836144,0.20101112422820588
119_V9_NS_A1,0.05694999393683721,-0.11599703724199996,0.14080715516775835
120_V1_NS_A1,-0.4075116500273139,0.16618891892978602,0.2278072412105982
120_V2_NS_A1,-0.4284907500380475,0.19570199164410187,0.15267707841394298
121_V10_NS_A1,0.24819080728580678,-0.16792519242521137,0.05391756807685534
121_V11_NS_A1,0.5977959880383708,0.052942608747889475,0.37223081169324723
121_V1_NS_A1,-0.45320816324163216,0.13200409568872526,0.26835788333486926
121_V3_NS_A1,-0.434374175454875,-0.12994911298745976,0.01054940488828952
121_V5_NS_A1,-0.48731826690919267,0.12935907064855606,-0.07650629023814869
121_V6_NS_A1,-0.11574394920927403,-0.29322715137863686,-0.20649882311904752
121_V7_NS_A1,0.28639706572024276,0.2803094552562753,-0.1577479542674343
121_V9_NS_A1,0.26495448285014417,-0.07210471170484604,-0.020802042171331105
122_V10_NS_A1,0.37277862259871214,0.025696770545010895,-0.12778937349583697
122_V11_NS_A1,0.20439093978436376,-0.22266301135628797,0.08555069519267271
122_V12_NS_A1,0.06819920394346546,-0.06481892448369826,0.26939762036059517
122_V3_NS_A1,-0.10732182384635605,-0.08309491879188617,-0.3769943683247488
122_V5_NS_A1,-0.16904947132269338,0.036555862774094554,-0.07373399879200682
122_V6_NS_A1,0.30867748704049963,-0.32302489808499557,-0.12401223882901541
122_V7_NS_A1,0.46629379352220673,0.03899515778225145,0.16837778643775872
122_V8_NS_A1,-0.01641961890976789,-0.3873057440617211,0.1341608806505762
122_V9_NS_A1,0.12399243913598894,-0.041203741082560426,-0.036260795430838384
123_S1_NS_A1,-0.3518157283982503,-0.10190264125668012,-0.19501286892004632
123_S2F2_NS_A1,-0.05367710309997588,0.06838540500733796,-0.270556923665894
123_S2F_NS_A1,-0.3042518284321597,-0.04140337003608666,-0.041246860208755516
123_S2_NS_A1,-0.39879089033461906,0.0649802948065616,-0.05537462766801739
123_S3_NS_A1,-0.1065968989889542,-0.25082024071686254,0.25731903278683127
123_S4_NS_A1,-0.08619269333421987,-0.18027898663779185,0.09452703577642235
123_V10_NS_A1,-0.0033465742545379143,-0.25311464606505335,0.05141302198150132
123_V11_NS_A1,0.34842651601618024,0.1705170798061952,0.07148871405738592
123_V12_NS_A1,-0.18502524885253382,-0.38115105718961145,-0.04185714347347419
123_V2_NS_A1,-0.5333420054845847,0.14884349499617558,0.002716542783907788
123_V3_NS_A1,-0.5801845413883279,0.19705937424580722,0.0939060894900961
123_V4_NS_A1,-0.5936754641579254,0.140455230940651,0.007841747208545583
123_V5_NS_A1,-0.3948212545154359,-0.050483427390965466,-0.38863995204689844
123_V6_NS_A1,-0.40172950839646343,-0.04932856689520689,-0.17434988332186344
123_V7_NS_A1,-0.04639099194251269,0.07197471651339611,0.25109181410031833
123_V8_NS_A1,-0.1342637909877883,-0.2448806941296573,0.11973764882496571
123_V9_NS_A1,0.2910741355495862,-0.07853455042258624,0.028637943567907713
124_V10_NS_A1,0.30834178122305306,-0.09872860202585176,0.01086223038900331
124_V12_NS_A1,0.379836318195772,0.17973436430979148,0.2964268207257906
124_V1_NS_A1,-0.368017420225083,-0.1016777178613233,0.17340775224933824
124_V5_NS_A1,0.29993512483419,-0.1957466796638662,-0.17277487952906842
124_V6_NS_A1,0.6142358977883476,0.16810940182620213,0.05761196533731543
124_V7_NS_A1,0.20519467121410911,0.11615832834630381,-0.129775550322367
124_V8_NS_A1,0.4631144526901559,0.32958257516752815,-0.22858719224378926
125_V10_NS_A1,0.4179813020731299,0.2067987491916258,-0.27282614343604766
125_V11_NS_A1,0.24386887955479267,0.31232879778298855,0.09483319920706135
125_V12_NS_A1,0.2324015858111196,-0.38202790627245453,-0.11739962689694956
125_V2_NS_A1,-0.435740830323894,0.20391634421662352,-0.11675743006996901
125_V6_NS_A1,0.0032679454730909392,-0.1554991068018685,-0.5598102051258996
125_V7_NS_A1,0.10220708648162945,0.25037950892297817,-0.05151359951475398
125_V8_NS_A1,-0.16695617073903893,-0.2218141655566446,-0.4198663956294091
125_V9_NS_A1,0.3073386104551835,0.35315231263897384,-0.19589434004080383
126_V1_NS_A1,-0.3212448206806695,0.2981237622877245,0.1910366654931859
126_V6_NS_A1,-0.2654557624322945,0.24502028967770723,0.3522197793455729
126_V7_NS_A1,-0.3090479636691766,-0.035095347150664126,0.2866839834589191
127_S2_NS_A1,-0.062273520149176836,0.07807271017927067,0.17847465457774384
127_S4_NS_A1,-0.09504865544606245,0.2165246929476995,0.19642831377312417
127_V10_NS_A1,0.17935290633348214,0.22938029432465062,-0.07695206687720012
127_V11_NS_A1,-0.08089906127023397,-0.046153158587041984,-0.24752028449202432
127_V12_NS_A1,-0.29262169913028774,0.11389234622914059,-0.12654100824207803
127_V1_NS_A1,-0.453717174819882,-0.09058605010333338,0.2791691633178974
127_V5_NS_A1,0.25944904616529413,0.5052294759516962,0.09222863800006739
127_V6_NS_A1,-0.24156144238751479,0.1418123793796452,0.45304744757514587
127_V7_NS_A1,0.05159540238773539,0.06283587335540478,-0.09995852976026444
127_V8_NS_A1,0.02130343225579482,0.20360407199398564,-0.11040071029139606
127_V9_NS_A1,0.04173897888198547,-0.22246076143043184,-0.049318941742423
128_A2_NS_A1,0.7490951983031003,0.2244439339156483,0.29861333120736927
128_A3_NS_A1,-0.1097642775779366,0.012058802983967958,0.14320779852527563
128_V2_NS_A1,-0.6591384513863874,0.3086481907269917,-0.14453851101126924
128_V6_NS_A1,-0.08825874106506884,0.06290035490701794,0.036286594949412436
128_V7_NS_A1,0.13845270268425217,-0.047620476479344705,0.43406097854229647
128_V8_NS_A1,0.40197572192641823,0.17199225946527355,0.14963147218621456
129_V3_NS_A1,-0.46983874311918805,0.33732992610151896,-0.5040159952021135
129_V5_NS_A1,-0.35885231816406654,0.02650722480820119,-0.12326015136443186
129_V6_NS_A1,0.15007320218504233,0.1355154278278148,-0.1965319378885817
129_V7_NS_A1,0.22231983800895697,-0.2447773563605202,-0.5706048068156081
129_V8_NS_A1,0.18780384923712073,0.08715085530736569,-0.08155559481344601
129_V9_NS_A1,0.23888688226087504,0.0872165051764727,-0.01907032655603692
130_S1_NS_A1,-0.3213384947910311,0.1398797255676071,0.6521911426339713
130_V10_NS_A1,0.24998153751902993,0.016074104149481978,0.1108918074009555
130_V11_NS_A1,0.3194609699133956,-0.01249099878453116,-0.11603284916572727
130_V12_NS_A1,0.1228912018866272,-0.009374538120418257,-0.043381495313358984
130_V1_NS_A1,-0.5125868361371297,-0.053574116376896776,0.2824455274390594
130_V2_NS_A1,-0.4120311967846397,0.2598342180561622,0.17693715757133124
130_V5_NS_A1,-0.31723436132052274,0.25251058338712995,0.49607577099155026
130_V6_NS_A1,-0.19531256920374365,0.1559888202043163,0.45087808782220057
130_V7_NS_A2,0.8006194541993037,0.06559176499543747,-0.1481153061572023
130_V8_NS_A1,-0.034268327387365294,-0.17598353975148698,0.22225779206713836
130_V9_NS_A1,0.38887832346504503,0.32235112382458675,0.06576551201935865
131_A1F_NS_A1,-0.2214227766042166,-0.09798135808546317,0.2696332232772831
131_A1_NS_A1,0.008341089069826599,-0.293122113672897,-0.12718245396698977
131_A2F_NS_A1,-0.3028348091797328,-0.06106105360751018,0.20335828514275628
131_S1_NS_A1,-0.1358223910864412,-0.10397040465860724,-0.5040444023290355
131_S2_NS_A1,-0.18686287326516313,-0.037659289208027115,0.26378402097948617
131_S4_NS_A1,0.2981545274294739,0.1338563539803166,0.22657097471602183
131_V10_NS_A1,0.15748591526513855,-0.17297161074303602,0.1432717604012744
131_V11_NS_A1,0.09899904065552964,-0.2919463963492216,0.1159302527944299
131_V12_NS_A1,0.15868074499574011,-0.3951239040717495,0.02865528468389876
131_V3_NS_A1,-0.5668179704394805,0.15632264888059835,-0.02615829148712171
131_V5_NS_A1,-0.564347028448499,0.1391903892872647,0.08686064375197745
131_V7_NS_A1,-0.4688697744801074,-0.10809849439037979,0.37243517369761914
131_V9_NS_A1,0.03095002647270121,-0.22809591277498478,0.2516483817146843
132_S1_NS_A1,0.38815055277092825,0.35831885252826967,0.1457304274138464
132_V1_NS_A1,-0.4294164819093857,0.09753998119849432,0.14494976972918033
132_V2_NS_A1,-0.46120973819261923,0.027432314758948213,0.042055588918366894
132_V4_NS_A1,-0.36595237380672435,0.07477425964237133,-0.11459955055590057
132_V5_NS_A1,-0.04840632795886766,0.1362370133078864,0.564842300238679
133_S2_NS_A1,0.14559914622724301,0.2785531512661245,-0.10113854000797734
133_V11_NS_A1,0.20354283578287916,-0.20578109426517957,-0.0826456697069016
133_V12_NS_A1,0.08589962702983654,-0.20085982173912964,-0.5354364456907179
133_V2_NS_A1,-0.44436212288224475,0.08633128115370721,0.37033294853373927
133_V3_NS_A1,-0.46709894061896623,0.1151433677823713,0.19063232337709357
133_V5_NS_A1,0.14327717887168206,0.3257639972599106,-0.15843939082790728
133_V6_NS_A1,0.295196893164635,0.41360767291614703,-0.24869211565353236
133_V7_NS_A1,0.18591779627053232,0.08394498685825158,-0.12887632519087236
133_V8_NS_A1,0.17062174191106774,0.1604331406797534,-0.10697905847350898
133_V9_NS_A1,0.11889552966065688,-0.5229340614943409,0.3002611395215282
134_V10_NS_A1,0.08551700112573905,-0.041687921156281074,-0.09900382517938323
134_V12_NS_A1,-0.1647660852118049,-0.11178410581167617,0.1060728748091695
134_V2_NS_A1,-0.28485088292190497,0.16098421956668604,-0.012033643755904475
134_V3_NS_A1,-0.21340876508582515,0.15294436124766414,-0.019083878687085123
134_V5_NS_A1,-0.18650088404591744,0.11982222838569824,-0.2568675242845118
134_V6_NS_A1,-0.2557661495027895,-0.04751756077322421,0.12495889436899134
134_V7_NS_A1,-0.13315462953430524,-0.07069603485048162,-0.042108565740462574
134_V8_NS_A1,-0.15028797343775438,-0.06010713985830454,0.1625039725179473
134_V9_NS_A1,-0.20494208455487953,-0.17256183327757546,0.2013794362335353
135_S1_NS_A1,0.1380621193842006,0.1400477946097071,-0.10398953957387816
135_S2_NS_A1,0.27395962800575085,0.2545105446286142,-0.0986143186132913
135_V11_NS_A1,0.0010157422997136081,-0.06254503087375025,-0.12810294575270348
135_V2_NS_A1,-0.5777383091643357,-0.3503059845463912,0.1951781053051703
135_V5_NS_A1,-0.3403107544376367,-0.11808644402075258,0.34113964275502295
135_V6_NS_A1,-0.008913931998657813,0.2651705997790352,0.16153850338926126
135_V7_NS_A1,0.028062025847324146,0.07471882962982604,0.14231595235479474
135_V8_NS_A1,0.050380400494452554,0.009143247591187653,0.13277836789361885
135_V9_NS_A1,0.10347054629730473,0.10966881927303457,-0.010155779977558312
136_V10_NS_A1,0.21350737226207853,-0.2985026517842745,0.15405362145507603
136_V11_NS_A1,0.4887607535687767,-0.19284911375208766,-0.2036581407298259
136_V12_NS_A1,0.1856937485139313,-0.18169043005383226,-0.09938201890243108
136_V2_NS_A1,-0.6989144877597796,0.4424564067746976,-0.48822312470426704
136_V4_NS_A1,-0.22745308984762838,0.02883354604123828,-0.360378606315384
136_V5_NS_A1,-0.12851018004760587,-0.007137415175877966,-0.449516423530059
136_V6_NS_A1,-0.08594147565146804,-0.1280340131586869,-0.31244389068683254
136_V7_NS_A1,0.2761787384107379,-0.28208291251249673,-0.014761028973160723
136_V8_NS_A1,0.30659797475922995,0.08631386590036655,-0.17904748888405164
136_V9_NS_A1,0.09631122358547183,-0.23652211054845657,0.13665540471771417
201_A1_1_NS_A1,0.47604301118324327,0.20470341496086214,-0.15550765818120638
201_A1_2_NS_A1,0.3401165231025604,0.4281775614987272,-0.08004673681667085
201_AF1_NS_A1,-0.16552678509019003,-0.3448733690854203,-0.10988804921013735
201_S1_NS_A1,0.02454678801740119,-0.4164397590421595,-0.13561120630324408
201_S2_NS_A1,0.07950666439745521,0.061822422476312276,0.19964910745465617
201_S3_NS_A1,0.7259478550295856,0.2425131181381668,0.0020742014374972645
201_S4_NS_A1,0.652931841246588,0.3416027774904891,-0.06013397512160195
201_V10_NS_A1,0.18847594980688925,-0.8457418407633231,-0.5953463701860712
201_V2_NS_A1,-0.7191542000588431,0.12047387956208343,-0.2960218098671809
201_V4_NS_A1,-0.4522223572213272,-0.09615388889235515,-0.14937742458038278
201_V5_NS_2a,0.002577600843413484,-3.538019467301607e-6,-0.269217005532739
201_V6_NS_A1,-0.2646914668077091,0.1664823053522713,-0.5532053850197882
201_V9_NS_A1,0.03706862098597815,-0.3963331462708721,0.20032575375105227
202_A1_NS_A1,-0.22870748258216547,0.1046581459491506,0.20661815766070252
202_AF1_NS_A1,0.15376161430067725,-0.20566154680416002,0.24238910176522094
202_S1_NS_A1,-0.054033959101722366,0.1553467946748723,0.014294956964027862
202_S2_NS_A1,0.45533616557778567,0.22946547115729402,-0.00421921624006849
202_V5_NS_A1,0.08242016568990597,0.8103946290446874,-0.22527292388192144
202_V6_NS_A1,0.07994210503987978,0.689972361681272,-0.22536507220195465
202_V7_NS_A1,0.14067707319014144,0.22932000255358923,0.13395309155583318
202_V8_NS_A1,0.07689357175251424,0.24307240895841548,0.22447464348994975
202_V9_NS_A1,0.00589148076622022,-0.03200302399337887,0.07275632829019078
203_S1_NS_2a,-0.42607913542135806,0.3055937835221904,0.03358757055552823
203_S2_NS_A2,0.306427555621536,0.4452187903124765,-0.14700625440892062
203_S3_NS_A1,0.21280972243375454,0.2999148257490271,0.17074297326033902
203_S4_NS_A1,0.14250109716907827,0.1175877484205254,0.16343990627133204
203_V1_NS_A1,-0.23269022753304622,0.12975334198717672,0.2754482284494915
203_V3_NS_A1,-0.5331517493649235,0.4809019498222929,0.08147448608660612
203_V5_NS_2a,0.09061821583970792,0.5773045965557256,-0.12895202036133238
203_V6_NS_A1,-0.04536569526376039,0.43974327962196347,-0.612884659706246
203_V7_NS_A1,-0.04631681767278531,0.2509222698539743,0.08062683016285045
203_V8_NS_A1,0.1180313472043846,0.111697594266874,0.20604280768163058
203_V9_NS_A1,0.1389674601063991,-0.41832281409193905,0.11395651237990723
204_A1F_NS_A2,0.3163294193775849,-0.050867191416091286,0.14864080353527753
204_A1_NS_A1,0.11103622943956672,0.09352501464896058,0.06991687819612816
204_A2F_NS_A1,-0.1848951512127068,-0.1660793996460489,0.2238849756089574
204_S1_NS_A1,-0.523433938511411,0.12849742170301226,0.19054817485568584
204_S2_NS_A1,-0.16367826517719222,-0.20121918785432327,0.1746992752422388
204_V10_NS_A1,0.139821284621158,-0.26138108134190063,0.18159323233010177
204_V11_NS_A1,0.03479333280625136,-0.14563746086193127,-0.06133311182208212
204_V12_NS_A1,0.20749695891340253,0.148017713992725,-0.15348360910322698
204_V2_NS_A1,-0.435243463483404,0.1742886154065801,0.0658056023362591
204_V3_NS_A1,-0.5222411347944367,0.15453141227707978,-0.01393279063084399
204_V4_NS_A1,-0.42617584472781256,0.20298907162825605,-0.22761714792504456
204_V5_NS_A1,-0.3742513092550023,-0.06774177154653657,-0.2848114650202226
204_V6_NS_A1,-0.21758596422844237,-0.09820110268111686,0.027935038134543917
204_V7_NS_A1,-0.15718500064534086,-0.04981668964786305,-0.12995526213086048
204_V8_NS_A1,0.04555765671659038,0.0745892871177106,0.01778380629769513
205_A1F_NS_A1,0.1015010315216541,-0.024871253627030406,0.08690188546741724
205_A1_NS_A1,0.3063464614703412,0.09318436105108988,0.15179848185308276
205_S1_NS_A2,0.016106481876911345,-0.15092264217301965,0.2280880528862824
205_S2_NS_A1,0.4202552691962884,-0.44951178139934855,0.3793825416562962
205_V10_NS_A1,0.5024120595481865,0.3963923204784957,0.38453687964413297
205_V11_NS_A1,0.4272200967381572,0.1424169781333126,-0.2584707401942104
205_V12_NS_A1,0.26129316829524407,-0.3824041062477641,0.041390307093724175
205_V2_NS_A1,-0.2865841947958942,0.12808450462779658,0.2326875431625874
205_V5_NS_2a,0.3142260618472477,0.34476161696764934,-0.09177531445491531
205_V6_NS_A1,0.23002007845199085,0.22502897634262092,-0.016623110816525073
205_V7_NS_A1,0.21512482372104966,-0.040359933753071286,-0.15714892099373645
205_V8_NS_A1,0.1387184169402634,0.06712536190506099,0.021341492428782978
205_V9_NS_A1,0.011696946022166302,0.03322472754478767,0.2211983985004867
206_V10_NS_A1,0.10224132123500036,-0.4100033476590611,-0.212591198638682
206_V11_NS_A1,0.13784771748684432,-0.3225717669152297,-0.2898213434307124
206_V1_NS_A1,-0.1699543500469937,-0.45228424705964604,0.4712969572367994
206_V5_NS_2a,0.052500619441061235,0.33264212821906886,0.0597108911186642
206_V6_NS_A1,0.11080881318866982,-0.32295702721043174,-0.005233822215221572
206_V8_NS_A1,0.10785340344160221,-0.1956025671258804,0.05418690474334917
206_V9_NS_A1,0.41980057077965327,-0.24123532820432236,-0.07400857196367944
207_S1_NS_2a,-0.5179154351054513,0.25555950724919935,0.08282559421851185
207_S3_NS_A1,-0.011958776795021994,-0.4494494275197729,0.3734064526594732
207_S5_NS_A1,0.05259114535828537,-0.2323353745421114,-0.2709594366239726
207_S6_NS_A1,-6.755329078775379e-5,-0.48884289949778115,0.2239847692485578
207_S7_NS_A1,0.0884710615549608,-0.6691089500059058,-0.25031659147231805
207_S8_NS_A1,0.395960920211287,-0.03826897378542969,-0.08342484922533877
207_V12_NS_A1,-0.11036901553066628,-0.6094673280878912,-0.04299244889190532
207_V1_NS_A1,-0.46084561555247944,-0.740596366396975,-0.07129445476174485
207_V4_NS_2a,-0.6299080750049445,-0.10830175794953331,-0.1094283664310969
207_V5_NS_A1,-0.2925171241873678,-0.04728111440110831,-0.37936975591527644
207_V6_NS_A1,-0.14863840592213529,-0.23653907303086968,0.09179817233282832
207_V7_NS_A1,-0.13569126709671514,-0.28867400759642087,0.10062033710392936
207_V8_NS_A1,0.04235441431411412,-0.37860123480606805,0.21741416190831298
207_V9_NS_A1,0.04729113548176803,-0.4001859478171208,0.21262607482506105
208_V10_NS_A2,-0.09325970570783679,-0.3544628166264967,0.013743339532827538
208_V11_NS_A1,-0.10698107095224216,-0.49757927728985385,0.15227604617261623
208_V3_NS_A1,-0.541430273201024,0.19319203532401294,0.22895390753989722
208_V9_NS_A1,-0.34292926480254143,0.22902731164713724,0.347646753790161
209_V10_NS_A1,-0.7550817636293939,0.5131091209024499,-0.3976252125791252
209_V11_NS_A1,-0.1995990152448404,-0.23712388364865888,0.10403870333796829
209_V12_NS_A1,-0.30229833209986456,-0.3348398049261627,0.04425983892444795
209_V2_NS_A1,-0.6312480876153002,0.37202445807752527,0.12214104761857367
209_V4_NS_A1,-0.6603293027377528,0.4271607016415453,0.12437244361879128
209_V4_NS_A2,-0.5532860286807939,0.26109855224687883,0.1538584841269773
209_V5_NS_A1,-0.5950697632214708,0.38494508466457894,0.14706421727923197
209_V6_NS_A1,-0.44972004936053356,0.11775024296021526,0.11930907986897044
209_V7_NS_A1,-0.8281560359112877,0.5924334442417157,-0.22194159738027994
209_V9_NS_A2,-0.1863187822379334,-0.14485186649016946,0.20430940332300035
210_S1_NS_A1,-0.21657505434945987,-0.2580133265611591,0.030008482534748936
210_V11_NS_A1,-0.23779889616179026,-0.18349576228849757,0.012672212416293082
210_V12_NS_A1,-0.5146534616151848,-0.04388620938790436,-0.11914447903491773
210_V2_NS_A1,-0.5567401437183074,0.04570155973233431,0.19771869386952315
210_V3_NS_A1,-0.49909582074963327,0.12552951014524594,0.10654933334181238
210_V6_NS_A1,-0.14922575027661567,0.06242036632640856,-0.20274120808653415
210_V7_NS_A1,-0.12442154570675036,-8.652907896010558e-4,-0.054377453930652714
210_V8_NS_A1,-0.10849823484901056,-0.10510750270840652,-0.11728878621387054
210_V9_NS_A1,-0.10484443344857906,-0.3171401629639738,0.09662612640182895
211_S1_NS_A1,0.31400883591698386,0.09083291385816548,0.06734159762733216
211_V10_NS_A2,0.24752210980716577,0.2674946241843527,-0.10539228327454245
211_V11_NS_A1,0.31219041566000866,-0.003209408374495672,-0.17185740339536734
211_V12_NS_A1,0.502091174457256,0.3551797387542519,-0.21392656258139323
211_V2_NS_A1,-0.4319089655373673,0.3548688438146411,-0.28268303628021085
211_V5_NS_2a,-0.32152896355789207,0.0024679393501180133,-0.15784710676789077
211_V6_NS_A1,-0.08856916247260242,0.06919284142576983,-0.2670470318937671
211_V7_NS_A1,-0.09223595377932564,-0.07267873475105575,-0.048937830161439586
211_V8_NS_A1,0.053640400364286266,0.23377843364310802,0.09788505762440337
211_V9_NS_A1,0.05826924284590365,-0.17825660905721882,0.10200587845986041
212_S1_NS_A1,0.08648095538998178,0.19804038942164545,0.06518244692430336
212_V3_NS_3a,-0.4832103708732106,0.10194197998473288,0.447343419441948
212_V5_NS_A1,0.16242374787595987,0.14665496616930587,0.03196969434007317
212_V6_NS_A1,-0.14746945288916122,-0.3037847413179181,-0.15263767199830494
212_V7_NS_A1,-0.12895123147529194,-0.04968073830986693,-0.013250628726038846
212_V8_NS_A1,-0.10875310653992418,-0.24297393704744735,0.3254864297966327
212_V9_NS_A2,0.08711862355858875,0.30101220357143255,0.15679920971557387
213_V1_NS_1a,-0.2687460493096248,-0.11756472645116299,0.41282393849566756
213_V2_NS_1a,-0.32964734523265266,-0.16039757725413667,-0.35111810809426997
213_V5_NS_A1,-0.16231490840123988,-0.12136168315765312,-0.6785363155024073
214_S1_NS_A1,0.05711011497540993,0.3410745536805508,0.15230220224944713
214_S2_NS_A1,0.06804091865932521,0.17101786282010306,0.12505072503876324
214_S3_NS_A1,0.3045796593089786,0.33028371051022326,0.0530961119804008
214_S4_NS_A1,0.40874814523228,0.06300416544522919,0.22836052115041125
214_V10_NS_A1,0.1453126708042579,0.005842936525659015,0.020785955381880487
214_V11_NS_A1,0.4975607722474741,0.34565726898570653,0.14934746932506063
214_V12_NS_A1,0.0910557562299052,0.09633702823234527,0.0912325215484969
214_V3_NS_2a,-0.4054175857195691,0.195826838668154,0.01823505151065785
214_V5_NS_A1,0.1327671934736994,0.16463261901970494,-0.1672893726378756
214_V6_NS_A1,0.04869361355603854,0.23526599637951848,0.019629518119695617
214_V7_NS_A1,0.158258167495264,0.3598168175314625,-0.12409471073664159
214_V8_NS_A1,0.342652320482061,0.3888844694939453,0.032487427456020575
214_V9_NS_A1,0.14196467256624137,0.20870281032153468,-0.016369539784377246
215_S1_NS_A2,0.11533640798230901,0.22145311916945545,-0.07357559920357594
215_S2_NS_A1,-0.024854081553810786,-0.5829111535072283,-0.05642407783662127
215_S3_NS_A1,0.07489550915821604,-0.010697617779647265,-0.01875356717665187
215_V10_NS_A1,0.0517475380064472,-0.5800296872897943,-0.1258909495347372
215_V11_NS_A1,0.04853936991670118,-0.9122249405663816,-0.22451616411861164
215_V12_NS_A1,-0.027869268127336803,-0.4516426792023792,-0.13323180733898474
215_V2_NS_2a,-0.19084865620499591,0.07978853798873062,-0.40565859798929615
215_V3_NS_2a,-0.20663323679682963,0.12595469376153218,-0.3364414136335167
215_V5_NS_A1,0.08850431390134887,0.243552127087257,-0.2633189264556653
215_V6_NS_A1,0.15350840983876868,0.10572541936009335,-0.44461398537395197
215_V7_NS_A1,0.46592955824657095,0.4347145964044866,-0.13145056178979567
215_V8_NS_A1,0.365853598930676,-0.04545227144159023,0.08025172980878842
215_V9_NS_A1,0.0350331152467015,-0.6494689000682682,-0.09133325722820497
216_V1_NS_1a,-0.45254433885923995,0.06340037460154013,0.28056662661558973
216_V2_NS_1a,-0.4309767424592026,-0.07596738587136831,0.06533778465147289
216_V4_NS_A1,-0.4242152399251578,-0.27049804422509105,-0.08839157194872833
216_V5_NS_A1,-0.3682466845973256,-0.20475545257265693,-0.1219127861129541
216_V7_NS_A1,-0.1621206917570817,-0.32749549563954916,-0.37467999065420166
217_S1_NS_A1,-0.45381089446248374,-0.31089148307498343,-0.07616764727002363
217_S2_NS_A1,-0.3764955545707052,0.0020654677496686744,0.07494690930448045
217_S3_NS_A1,-0.09847559619633041,-0.3296266654268552,0.13701936317129407
217_S5_NS_A1,-0.001127436206431755,-0.8350891957284063,0.06693013813724076
217_S6_NS_A2,0.11572669812611623,-0.7037456988191325,0.08119758756292893
217_S7_NS_A1,-0.2070478329766805,-0.36903563530524863,0.10484318263207848
217_V10_NS_A1,-0.20710308192321333,-0.41608838411724297,0.19188070425714226
217_V11_NS_A1,-0.011356984821423792,-0.46032771322330157,0.08378035813097004
217_V12_NS_A1,0.11730264228876987,-0.6187173499662325,0.00926005248992688
217_V1_NS_2a,-0.6036375274596769,-0.10431190429923048,0.4819996228385094
217_V2_NS_2a,-0.5681382022448783,0.26340372197722794,0.1093609443817416
217_V4_NS_A1,-1.0144205492695895,0.5478100124730441,-0.31917647680645983
217_V5_NS_A1,-0.5805172337948128,0.3563643747357665,-0.16843375409619735
217_V6_NS_A1,-0.3086072471068109,-0.08344963515883973,0.17773477855843076
217_V7_NS_A1,-0.2591564751561018,-0.3257069823780736,0.2688285790114791
217_V8_NS_A1,-0.1562505288930257,-0.2057019997180758,0.1887011676083468
217_V9_NS_A1,-0.17502902478902857,-0.24985835750478033,0.14177561901564817
218_A1_NS_A1,0.4970287402403918,0.46921412028247145,-0.09680713350332985
218_V11_NS_A1,0.15571301650483702,-0.36837465999467583,0.03645373221257167
218_V12_NS_A1,0.26929179928004937,0.14157834663692379,-0.08192391709705762
218_V2_NS_2a,-0.4388172320789673,0.23270419392308042,-0.19503907700174836
218_V5_NS_A1,0.12442941286588728,0.020985141625986733,-0.3725711594113915
218_V6_NS_A1,0.24194116092833293,0.12462730696737895,-0.36414045053412286
218_V8_NS_A1,0.10516430137221552,0.2819484869120614,-0.02737393496207307
218_V9_NS_A1,0.12397672178369026,-0.2959225404589902,0.2321832284067048
219_A1_NS_A1,0.5275157452929017,0.22568828304419822,0.18157638663319262
219_S1_NS_A1,0.2238379123480389,0.27825993200021143,0.17571744373988843
219_V10_NS_A1,0.5006836147092649,-0.7119571870984369,-0.06936762815871289
219_V1_NS_2a,-0.4189106626084601,0.26397800164514296,0.15559740852167728
219_V3_NS_2a,-0.532525842968108,0.33514120439256384,-0.04915824151362285
219_V5_NS_A1,-0.3616167828447892,-0.008141684989689675,-0.5305335321653925
219_V7_NS_A1,-0.053324574763198705,-0.14444930870867645,-0.21395732093991093
219_V8_NS_A1,-0.10070804149404045,-0.3139776762825483,0.03222067336659005
219_V9_NS_A1,0.37641409801579273,0.4580901611755598,-0.14025849724200934
220_S1_NS_2a,-0.36428954607874636,-0.18513084479786462,0.29481908879750335
220_V10_NS_A1,-0.012033474128975508,-0.5778523127003767,0.022892159503223753
220_V11_NS_A1,-0.05672249068895097,-0.3527265647125425,-0.05493246425415875
220_V12_NS_A1,-0.014107820816722563,-0.2392447505949686,-0.20152090059492817
220_V3_NS_A1,-0.7413680504848189,0.2715790266173406,-0.1894066078803283
220_V4_NS_A1,-0.4900077590003731,0.3871621879089666,-0.003114340167081643
220_V5_NS_A1,-0.36961264232133706,-0.05483305668527861,-0.0021943179460527018
220_V6_NS_A1,-0.40390953663482815,0.3430753002937641,0.028848359588956013
220_V7_NS_A1,-0.12109391747732384,-0.16268019205338793,0.27653986819517323
220_V8_NS_A1,-0.11301914768074275,-0.30894186468299967,0.2125088466676016
220_V9_NS_A1,-0.14289347672948813,-0.3682666496516888,0.16367841438411035
221_V10_NS_A1,0.19812755105503926,-0.4319972162820224,0.1321282586261343
221_V11_NS_A1,0.11433923283781398,-0.5123384658540183,-0.18080220772354832
221_V4_NS_A1,-0.5607666126741717,0.051134221709428156,-0.029308456839356272
221_V5_NS_A1,-0.5154228746408543,0.06945663828933282,0.21715523345536417
221_V6_NS_A1,-0.40129725308184044,0.02593366241307542,0.23442397151289457
221_V7_NS_A1,-0.22669682769919844,0.107929119608124,-0.06914531265105671
221_V8_NS_A2,-0.0703601206505338,0.18365116318384786,0.07778342694293619
221_V9_NS_A1,0.31933061953139597,0.09462028326348028,-0.10565616492459087
222_V11_NS_A1,0.4429029212185191,0.2852322375208362,0.22606127687977
222_V12_NS_A1,0.3206809818793499,-0.4657873204571158,0.08680348996578927
222_V1_NS_2a,-0.5052748632138746,0.4327325755944036,0.002138586406781667
222_V3_NS_2a,-0.2604223222826898,0.20287235343237744,0.16062481175660304
222_V4_NS_2a,-0.1132370019014335,0.28817109944879654,0.33754717663400274
222_V5_NS_A1,0.16228748746045307,-0.07026602839474816,-0.22474506159943705
222_V7_NS_A1,0.6063571893421216,-0.578130979946221,0.05130249942637984
222_V9_NS_A1,0.18402885446118986,0.10435191661849613,-0.03701278083689135
223_A1F_NS_A1,-0.1909077660147211,-0.10394689599782214,0.5515870236707581
223_V10_NS_A1,-0.4669128543125569,-0.3471849081683334,-0.15172277960103456
223_V11_NS_A1,0.07853498546184086,-0.5985236230633983,0.082677604411083655
223_V12_NS_A1,-0.27967890203953677,-0.9228162722946857,0.3551944105903698
223_V1_NS_2a,-0.29217117393277264,0.76807364690663,-0.16196252845429007
223_V2_NS_2a,0.12470769316462925,0.6564329694012259,-0.21421492857654365
223_V5_NS_A1,0.20689802394676676,0.22342758146696096,-0.39861869615669304
223_V6_NS_A1,0.1836744610424087,0.14542637755369003,-0.2963073561268043
223_V8_NS_A2,-0.04382991358469266,0.07131518955081834,0.03863626903584172
223_V9_NS_A1,0.03987714734144933,-0.11847152917060944,0.27649961763091285
224_V2_NS_2a,-0.4034930195218215,0.18948391199120068,-0.19245120370228413
224_V5_NS_A1,0.2150387103573323,0.25579257776849074,-0.13864882834676678
224_V7_NS_A1,0.16104414433101386,0.09228356247501489,-0.06960445815858443
224_V8_NS_A1,-0.015006391181339248,0.015644471132602564,-0.009300834073642048
224_V9_NS_A1,0.27946432641353297,-0.20799421021070616,-0.021251575287687178
225_V2_NS_A1,-0.4982677135188723,-0.16152481804549643,0.0430064410554354
225_V3_NS_A1,0.06906231263727691,0.5236416297435174,0.03247820171641183
225_V5_NS_A1,-0.08025101571817407,0.17893089667025158,-0.25377071567601045
225_V6_NS_A1,0.10069555732609109,0.3112853047700116,0.17003136059895674
225_V7_NS_A1,0.3123423657362023,0.2358240237908235,-0.004122170894206653
225_V8_NS_A1,0.7453380511478312,0.21969035383637311,-0.17699584217016529
226_A1_NS_A1,-0.12594809794787948,0.052644619872176016,-0.16438615559280487
226_A2F_NS_A2,0.6926900651435385,0.4505841029229044,0.0053978079833784205
226_A2_NS_A1,0.4944480067568177,0.11480957037723753,0.19743389571438266
226_A3_NS_A1,0.20431143220530706,0.1521697661483709,-0.07776159279224126
226_AF1_NS_A1,-0.06634540624692643,-0.04308409587340491,-0.13829722451447093
226_S1_NS_A1,-0.03363516658835517,-0.2729292618485809,-0.16822030538351454
226_S2_NS_A1,0.44576049821439745,-0.3429621607341372,0.11267783270158935
226_V10_NS_A1,0.4293846011806185,0.3626767371194711,-0.2874227220596076
226_V11_NS_A1,0.3097077925115246,0.12225787776393617,-0.14700325294374925
226_V12_NS_A1,0.18033054696764447,-0.40881501596349845,-0.05785985921968037
226_V3_NS_A1,-0.5024434903915198,0.16598195233610935,0.10672505530959314
226_V4_NS_A1,-0.6824552122712829,0.24858515585457808,-0.13336555755548005
226_V5_NS_A1,-0.49220343671875333,0.016861602973079447,0.06854043680527203
226_V6_NS_A1,-0.05242032148095016,-0.28403417569262907,-0.33828055292949233
226_V7_NS_A1,0.00920598480106089,-0.020572634077090025,-0.06292540048828955
226_V8_NS_A1,-0.030048757894697447,0.012175973078046107,0.04431405024395666
226_V9_NS_A1,0.40006033282864034,0.14959679625413294,-0.1802266026405491
227_A1F_NS_A1,0.1696628901725608,0.22032499277188108,0.01525077796976366
227_A1_NS_A1,0.2247321004847587,0.18197756704145598,0.04471759367488934
227_S1_NS_A1,0.1843301064155375,0.0010782529971843423,0.06609303827450304
227_S2_NS_A1,0.6554102373575001,0.18067082344308555,-0.2069642092846627
227_V10_NS_A1,0.31305535370684967,0.1853552024267092,-0.1991074568622793
227_V11_NS_A1,0.27916944691203155,0.06163950104062983,-0.20255798988763132
227_V12_NS_A1,0.011899028461038555,-0.08698988149491006,-0.23125088051958229
227_V2_NS_2a,-0.007967577582320796,0.20536024950098686,0.014061189836170666
227_V4_NS_A1,0.11285832984370539,0.23280446696425117,-0.2355166084521835
227_V5_NS_A1,0.03887904464728023,0.1970112175897379,-0.09362567456024655
227_V6_NS_A1,0.04708657683175436,0.007712421974135774,-0.16467806621341063
227_V7_NS_A1,0.22054061067672498,0.0230530625941411,0.09905155685966924
227_V8_NS_A1,0.12783733728965635,-0.03844182895393884,-0.03615073579804592
227_V9_NS_A1,0.08282656894086322,0.015532592100031356,-0.08881905049875746
228_A1_NS_A1,0.7375549593097654,-0.09451876098915193,-0.0197973059570993
228_A2_NS_A1,0.09661355134431636,0.05574999366674066,-0.5429831195103915
228_A3F_NS_A1,-0.019190589081645067,-1.035015799805115,-0.16959728045271
228_A3_NS_A1,0.24130974848223752,0.13552143867261807,-0.07912440554815565
228_S1_NS_A1,0.18498359887397461,-0.003028823399573538,0.09418223648546363
228_S2_NS_A1,0.27903352035827045,0.22753585147957428,0.3394987143137903
228_S3_NS_A1,0.05514070568070239,-0.7329333312293208,0.36806954948021997
228_V10_NS_A1,0.06219520749530746,-0.3958890078812681,-0.1821314685989729
228_V11_NS_A1,0.3522671623097808,-0.562589009045985,0.1310747528778793
228_V12_NS_A1,0.24737829755763655,-0.726802928795115,-0.2843613394198692
228_V2_NS_2a,-0.16494972778737416,-0.3596530608938178,-0.37033437876093006
228_V3_NS_2a,-0.25200213754979556,0.12717103889329806,-0.29036718269572936
228_V5_NS_A1,0.005425171616345503,0.2410247893202729,-0.020134594116126045
228_V6_NS_A1,0.06273068052333167,0.26317540072175666,-0.142573493774383
228_V7_NS_A1,0.04136944272162638,0.10918916914677,0.10949053144865864
228_V8_NS_A1,0.2733683233446138,-0.16010179074940653,-0.09194163084837102
228_V9_NS_A1,-0.12498513881371678,-0.5093777701213539,0.10619901040362814
229_V2_NS_A1,-0.14266436663059584,0.4270481826260726,0.06611256736701719
229_V2_NS_A2,-0.1408649350399228,0.37662813519655636,0.06200795850405305
229_V5_NS_A1,0.1341726951302577,0.2692114062572973,-0.2991271811354975
229_V7_NS_A1,-0.05123376887953359,-0.17993407221634425,0.19223399349212572
229_V8_NS_A1,0.13059218813191922,-0.09344542419735985,0.2809058383055671
229_V9_NS_A1,0.10189652174154767,-0.15068879253391582,0.15458750590097206
230_A1F_NS_A1,-0.6023891211538985,0.7852030433380687,0.14979486520479562
230_S1_NS_A1,-0.23914331110031156,-0.6977548768980197,-0.5234425236144125
230_S2_NS_A1,0.016779557519510213,-0.5112745311459075,-0.34081128047873693
230_V12_NS_A1,0.25822414359233603,-0.3887052680777909,-0.4353641383832696
230_V1_NS_2a,-0.47274288484257787,0.09575318427142011,0.03252743672582936
230_V2_NS_1b,-0.3507545153448495,-0.0081982874340405,-0.4367175015385216
230_V2_NS_2a,-0.4471897553740606,0.18641808529892268,-0.49255188231342517
230_V4_NS_A1,-0.4837830002995873,0.22391881448102666,-0.5960639278055397
230_V6_NS_A1,-0.23821846390472287,-0.4341901309702183,-0.06350782492255215
230_V7_NS_A1,0.10923846084160604,-0.40397365508370897,-0.3469349237553942
230_V8_NS_A1,-0.3476542309465011,-0.47282818317702735,0.13195062223201745
230_V9_NS_A1,0.2549865574821608,-0.19930269109096524,-0.36183539918736113
231_S1_NS_A1,0.10753094462500627,-0.21483839856427764,-0.07808940728164829
231_V10_NS_A1,-0.01588375540645947,-0.5881805742259438,-4.735270917697074e-4
231_V11_NS_A1,0.30622081392852074,-0.5332050290106806,-0.06870261502406246
231_V12_NS_A1,0.33964716485971114,-0.08468429816087723,0.05131860471343905
231_V1_NS_A1,-0.7058693282843965,0.4395006398300884,-0.17820901745877776
231_V3_NS_A1,-0.8382980132452221,0.4294322321774478,-0.47414185285307775
231_V5_NS_A1,-0.4230306791324561,0.2262869819765779,-0.2443915142341983
231_V7_NS_A1,-0.00692675062333983,0.1250099047741077,0.07276172397865549
231_V8_NS_A1,0.02790065942198333,-0.07637941837148395,0.04684490281668426
231_V9_NS_A1,0.36636735503294476,-0.002528292108771607,0.002215917927198994
232_V1_NS_2a,-0.3943949085919124,-0.22788309081655744,0.3561069197986565
232_V3_NS_A1,-0.3735749082585392,-0.10278830852961492,0.09161628643959126
232_V4_NS_A1,0.2824336611215863,0.15697792520584938,-0.7807712670373316
232_V5_NS_A1,0.11774742843641643,0.1338657120654054,-0.3182167261007652
232_V6_NS_A1,0.18979266790107902,0.07801345302571276,-0.07448391174925577
232_V7_NS_A1,0.141609883293683,-0.07457138982204527,-0.03030843357653251
232_V8_NS_A1,-0.09214023633642497,-0.23136628673095355,0.01804064175165851
233_A2_NS_A2_Extra,-0.09054176564495031,-0.10384521495331266,0.17927579923167145
233_AF3_NS_A1,0.012247351455081813,-0.24623074741910705,-0.2804621583918454
233_V10_NS_A1,0.0012356440630267227,-0.3755963561916153,-0.22970866633093903
233_V11_NS_A1,0.5444317711449602,0.3157162776520458,-0.34023879363747445
233_V12_NS_A1,0.03627096339796707,-0.11451164688507431,-0.1307529580716184
233_V2_NS_A2,-0.5657147256804148,0.21216699373443548,-0.7226386784621313
233_V5_NS_A1,0.0920807971676384,0.5361462084204721,-0.09132016090196074
233_V6_NS_A1,0.11078229215843959,0.594444236558281,-0.541774321794304
233_V7_NS_A1,0.24218915303554867,0.06052504007706736,-0.13832823751342863
233_V8_NS_A1,0.17996393140324235,-0.22922676912328818,0.2482676207646946
233_V9_NS_A1,0.05942815530414305,-0.22061671877749572,-0.14988881955369496
234_A1F_NS_A1,0.11658352240175784,0.12382159494724836,0.07080967897694791
234_S1_NS_A1,0.03781995031620221,0.1691682457784238,0.32832080422309007
234_V10_NS_A1,0.3508777720059437,0.16023575127483425,0.33924219768799657
234_V11_NS_A1,0.2819924413583585,0.2178673342940769,0.35637004482015516
234_V12_NS_A1,-0.079650349393239,0.3865296630798793,-0.5727814902891836
234_V1_NS_A1,-0.401348109704022,0.28528420475570615,0.3606262993386653
234_V3_NS_A1,-0.044566005456531034,0.4552729797605365,0.06877548448281812
234_V5_NS_A1,0.23672113231380013,0.43075615663543304,-0.2361072072442378
234_V6_NS_A1,0.16421768525265504,0.24691202964222997,-0.1318330458088628
234_V9_NS_A1,0.31310298028347144,-0.00047296321931728213,0.4385467286268586
235_A1_NS_A1,-0.027821346924425155,-0.12006543088252078,0.6056762641094636
235_A2_NS_A1,0.8276522597098821,0.5127628354985951,0.3521481540333551
235_S1_NS_A1,0.11231699620043631,0.01672574743838949,-0.10166019173091202
235_S2_NS_A2,0.2730858722997224,0.3294170507745227,0.03529812521964633
235_S3_NS_A1,0.12681777678551914,-0.04755450237558149,0.0803021347022499
235_V10_NS_A1,0.41636808281714105,0.12340447522821313,0.05331309954868734
235_V11_NS_A1,0.3545360860191285,-0.34659521351992945,0.8671633175293546
235_V12_NS_A1,-0.6054764333424416,0.3523816492365577,0.0263522809839589
235_V3_NS_A1,-0.6644646010574975,-0.030682469326555543,0.009359911755482274
235_V5_NS_A1,-0.11941863598673441,0.2783295186594272,0.28475144826788606
235_V6_NS_A1,-0.18853976100497655,-0.1627630745844948,0.3927704206715265
235_V7_NS_A1,-0.23782083322840125,0.03472974901188751,0.06655663909982198
235_V8_NS_A2,0.32150874424066433,0.2585855547691289,-0.324833229305265
235_V9_NS_A2,0.023279357269410845,-0.29314972881050616,0.004466403144021449
236_A1_NS_A1,0.056829590799426344,0.13737064794521736,0.2795010373458244
236_A2_NS_B1,-0.18188951494155822,0.16810240866600956,0.5676197850317626
236_A3F_NS_A1,-0.20388161924250217,-0.7012117924571276,-0.02195156975409364
236_A3_NS_A1,-0.021616044545197208,0.02837699735845424,0.15740072141220557
236_A4_NS_A1,-0.31532707307634417,-0.11618740689808513,0.018680747844176837
236_V10_NS_A1,0.1403098718013338,0.31618803738025864,0.18953578313442593
236_V11_NS_A1,0.06390568419297887,-0.09451682346948206,0.027743195328201166
236_V12_NS_A1,0.3631538487853622,-0.327630423860902,-0.29645156639621506
236_V2_NS_A1,-0.3320137666598767,0.19405151410520732,0.010545375350937362
236_V3_NS_A1,-0.4523437662663047,0.35225667417312634,-0.5121229360171216
236_V5_NS_A1,-0.11758281077523215,-0.02571690962538675,-0.35028192401593883
236_V6_NS_A1,-0.21895382094972932,0.013100780371309148,0.2611822805324722
236_V7_NS_A1,-0.10212464329330304,-0.1444435314205642,0.30226990337845006
236_V8_NS_A1,0.10243218186923961,-0.18493698315044937,0.07935616094801834
236_V9_NS_A1,-0.17538087070788574,-0.4634490959236944,0.035316008320544094
237_S1_NS_A1,0.41156162341756186,0.2800921582394969,-0.20135852290484496
237_S2_NS_A1,0.16075121969643352,-0.26890500615050716,-0.21189386700608065
237_V10_NS_A1,0.2824787848342546,-0.021379078187554787,-0.11704224276242932
237_V1_NS_A1,-0.4565674803605556,0.14368089116428504,0.44641890809398593
237_V5_NS_A1,-0.24011065426726363,0.09680616806079533,-0.17899153087035047
237_V6_NS_A1,-0.1459224828241564,-0.0865931866261966,-0.19880713520172213
237_V7_NS_A1,0.01755694552961722,0.06306559509659554,0.14763621984078065
237_V8_NS_A1,0.10182155191345175,-0.0279272975443903,0.1022330540857162
237_V9_NS_A1,0.28317110818326946,0.10941647988926398,-0.29400020172564334
238_S1_NS_A1,-0.005052385680423453,-0.024133992774329795,-0.5771680496473606
238_S2_NS_A1,-0.03184056215709589,0.18462186102211509,-0.6739695141342441
238_V10_NS_A1,0.10044966676578705,-0.1775351184475256,-0.34508235001505594
238_V11_NS_A1,0.11848453424200332,-0.22299715161405295,-0.148380269542091
238_V12_NS_A1,-0.059511488453226555,0.062024956134699265,-0.41202213806230487
238_V1_NS_A1,-0.46455885898984534,-0.31240347325967405,0.06959171312429265
238_V3_NS_A1,-0.4348070799868516,-0.1242629967610118,0.09735716285052558
238_V4_NS_A1,-0.5158470834731292,-0.25033653934173794,-0.043262626066538336
238_V5_NS_A1,-0.3773017752298463,-0.06923580338321877,-0.33113341617975384
238_V6_NS_A1,-0.06861861127560799,0.1855400029124113,-0.5627546217532329
238_V7_NS_A1,-0.297035751363359,0.3380648634752429,0.14979312817759433
238_V8_NS_A1,0.07167751273561182,0.2285966542223241,-0.6693338181620845
238_V9_NS_A1,-0.026310513316220592,-0.15294813771408253,-0.3015796967676786
239_S1_NS_A1,0.06528438271777748,0.18000842682672652,0.06089875374769686
239_S2_NS_A1,-0.17357414243036773,-0.03835860651971909,0.18864045954738978
239_S3_NS_A1,-0.10828406812022502,-0.07443821944154635,0.37751377728711716
239_V10_NS_A1,0.29544482287568763,-0.07386090479012909,-0.04203342347501249
239_V11_NS_A1,0.38770221227582713,0.28803138770989645,0.37494294212231377
239_V12_NS_A1,-0.06711816333094657,-0.40711371443777566,0.27420520386462804
239_V1_NS_A1,0.3539017252420804,0.22222746543359723,-0.1341581407659107
239_V3_NS_A1,-0.21667852384570388,0.12474719703019974,-0.19723569977251057
239_V5_NS_A1,-0.2160302976990649,0.06902045392231052,-0.25721111898470095
239_V6_NS_A1,0.004066738809101089,-0.27657353774559906,-0.3878666095560274
239_V7_NS_A1,0.01552062887280875,0.024400107932033614,0.15275813472590455
239_V8_NS_A1,0.05479451506015455,-0.10288700586292708,0.1114963256348916
239_V9_NS_A1,0.2665004967171581,-0.07326860472768766,0.27840101925202
240_A1F_NS_A1,-0.11817891373804049,-0.21854110509171668,0.2790393854953628
240_A2F_NS_A1,-0.022987871199117185,-0.6095293303312198,0.15231375612172615
240_A2_NS_A1,-0.05506208749144505,0.05628507145057507,0.5291394552180588
240_A3_NS_A1,0.3747852922856261,0.19970671355783445,0.10927742204027698
240_S1_NS_A1,0.5402432614364928,0.45946045724084317,0.0062898044811429054
240_V10_NS_A1,-0.12224521193089914,-0.2827204518584114,0.03309895659600267
240_V2_NS_A1,-0.44120634547466525,0.18900859706120016,0.21590038306504158
240_V3_NS_A1,-0.4410888780972888,0.0028170914145484263,0.2767092904050746
240_V6_NS_A1,-0.09960544435337478,-0.22185444328322793,-0.2271056356655688
240_V7_NS_A1,-0.036912109463048466,-0.2798181960357029,0.3141639142531241
240_V8_NS_A1,0.24514940971836738,-0.32124600285464117,0.1763184820593477
240_V9_NS_A1,-0.011263419126043608,-0.18761858612762328,-0.12096346946126392
241_A1_NS_A1,0.31849854182413745,0.18426403995759585,-0.13443938518889323
241_S2_NS_A1,0.5569691579515457,-0.1786722647189779,-0.2776023094815769
241_V11_NS_A1,0.7296453644988611,-0.01296340442783257,-0.14604069168669248
241_V2_NS_A1,-0.26095191640221715,0.0933844249037497,-0.5241886368576225
241_V5_NS_A1,-0.14624887968911138,-0.2192068226740664,-0.5758269435179755
241_V6_NS_A1,0.0753504009445077,-0.3765249005139019,-0.5058673599653988
241_V7_NS_A1,-0.015727935592924534,-0.40689660988164766,-0.3985109359526474
241_V8_NS_A1,0.5746756286681426,-0.09153745966912487,-0.20104680978535094
242_V2_NS_A1,-0.24468629091356198,0.09646708756555829,-0.23867661197297388
243_S1_NS_A1,0.16851958050646915,-0.21715671778579332,0.3187313936967126
243_S2_NS_A1,0.16580808301440977,-0.00845443721098251,0.08956963279939735
243_S3_NS_A1,0.5971677402345674,0.2284892014821413,-0.28336533345957726
243_V10_NS_A1,0.47232898968265125,0.3951417049191528,0.10471684748342731
243_V11_NS_A1,0.315175067014617,0.23800237576187716,-0.14135404798410356
243_V12_NS_A1,0.24392263854848162,0.18598771141781836,-0.05838104532281061
243_V1_NS_A1,-0.5069600106739495,0.26040796606102307,-0.007586837170367055
243_V3_NS_A1,-0.8184495564936856,0.21699156946459391,-0.30366881638254717
243_V5_NS_A1,-0.6088154448623776,-0.23657674914301527,-0.10738103890223691
243_V8_NS_A1,0.03381485935681275,-0.6500438062209847,-0.39279847461227135
243_V9_NS_A1,0.4412087991466542,-0.4403732519047099,0.12090279223033142
244_V3_NS_A1,-0.6657868684356721,0.5544016588467429,-0.16934035757761776
244_V5_NS_A1,-0.4230950669874396,-0.03800998091847593,-0.28699231609907166
245_A1_NS_A1,0.306623932158118,-0.018581328900501744,0.3551619557643524
245_A2_NS_A1,0.1598836448627211,0.37281539320285983,0.015097631404593855
245_A3_NS_A1,0.11463805249589755,0.11692804315329758,-0.07462432020211406
245_S1_NS_A1,0.16814181482282778,-0.15691943399325028,0.06834128612508655
245_S2_NS_A1,-0.4650826217890675,-0.4182891794465705,0.1510588703606226
245_S3_NS_A1,-0.3250783168075385,-0.4052875940560449,0.3366056688163751
245_S4_NS_A1,0.09053027622340876,0.09104830339709459,0.15595743912660673
245_V10_NS_A1,0.30785755735727127,0.39535973792707296,-0.10944386663681333
245_V11_NS_A1,0.15231290946478285,0.09436442316774914,0.2955678878998633
245_V12_NS_A1,-0.07277331722510262,-0.34269131965600114,-0.2928364130765391
245_V2_NS_A1,0.13726871904787424,0.30671850566415193,0.9347935931629151
245_V4_NS_A1,-0.3105050279542644,0.23829700905275386,-0.06677041179986062
245_V6_NS_A1,0.14601640938930965,0.25391576087353107,0.07781930980605614
245_V7_NS_A1,0.38409966551163593,0.20980080847266297,-0.03942926130933918
245_V8_NS_A1,0.11938478108014146,0.18938068706373642,0.20422428914945945
245_V9_NS_A1,-0.2880068763932992,-0.2990227829951699,0.11319376719599088
246_S1_NS_A1,0.42939980038840575,-0.00624778367305086,-0.23398671783746328
246_S2_NS_A1,0.30304351143629515,0.013765966744219179,-0.006058079069179644
246_V10_NS_A1,0.19103191901763153,-0.3476856483534781,-0.264585499763037
246_V12_NS_A1,0.49369963466196815,-0.43255946120369937,-0.02741469241062231
246_V2_NS_A1,-0.6071581314177625,0.21137353161433772,-0.09554055149888403
246_V5_NS_A1,0.03445607209948151,0.0735471975269194,-0.09780145792050877
246_V6_NS_A1,0.2980155521530686,0.25929707540069163,-0.2574214398595803
246_V7_NS_A1,0.5778267415444585,0.3895405122023298,-0.0660785274268065
246_V8_NS_A1,0.4566803705194211,0.3222974309369825,-0.026649689883269507
247_S1_NS_A1,0.1507170980837837,-0.058679407632183773,0.07909708033782602
247_S3_NS_A1,0.2524700828786802,0.004068021236565818,0.13113800161131203
247_V10_NS_A1,0.14950838011495554,-0.1298236003087485,-0.01355769412601487
247_V11_NS_A1,0.2633266094938625,0.17185432282638136,-0.1677917905982131
247_V12_NS_A1,-0.17413434446874307,-0.19097986082147744,-0.2779555318308636
247_V1_NS_1a,-0.4163965498058569,-0.046652786905553724,0.33352725775130493
247_V2_NS_A1,-0.1529167778876304,0.024669593283899723,-0.19833096980003218
247_V3_NS_A1,-0.1884263370542572,0.0645301144608123,-0.08709503435861206
247_V5_NS_A1,-0.18843177139995812,0.11729899964964671,-0.22847838178628663
247_V6_NS_A1,-0.24484348142006518,-0.43368132792098874,-0.29114248660513065
247_V7_NS_A1,-0.3359872445742491,-0.09996827382853249,0.43139966071040325
247_V8_NS_A1,0.21378428093419116,-0.18495249032080002,-0.2451297281327376
247_V9_NS_A1,0.2315801350448562,0.0028651061394557678,-0.18976975602684876
248_S1_NS_A1,-0.27041739595410935,0.13295426258497642,0.38165060996354955
248_V2_NS_A1,-0.2642127044697608,0.21855380182241932,-0.0722623554886025
248_V5_NS_A1,0.37965540457852714,0.39248290821329973,-0.07119134292293172
248_V7_NS_A1,0.3356944716196439,-0.05610177020487318,0.11002658248770501
249_A1_NS_A1,0.16858723824144078,0.06079316661862415,0.3256041897250492
249_V10_NS_A1,0.2208389898786934,-0.384150440035962,-0.14095602123699735
249_V11_NS_A1,0.2586892864357411,-0.30326256400507534,-0.1988293421376397
249_V12_NS_A1,0.12753550176846304,-0.49255790007055283,-0.44070775823499225
249_V2_NS_A1,-0.3231196474921312,0.10604704819352828,-0.4400440970310242
249_V5_NS_A1,-0.09688505877467983,-0.45044000071382345,-0.3140817030092145
249_V6_NS_A1,0.08627287056037815,-0.5325885718611202,-0.2545350558888176
249_V7_NS_A1,-0.16463499648436228,-0.3305537653347683,0.19988023086942017
249_V9_NS_A1,-0.20822480976849042,-0.2454574801274548,-0.0791189089025659
250_A1_NS_A1,0.22380068489219618,4.7647384390165883e-4,-0.28854252432042493
250_A2_NS_A1,0.4172239522054799,0.2955475747496903,0.14981249133946764
250_S1_NS_A1,0.27280483287958346,0.1603203592929698,-0.3768611958104763
250_S3_NS_A1,0.14762702666709954,0.05644866324830493,-0.011233794099475362
250_S4_NS_A1,0.23082754509159556,-0.04284556597789827,-0.13574593498617843
250_S5_NS_A1,0.21398992528562436,-0.43827672292261083,-0.06537042719487995
250_S6_NS_A1,-0.09425758492175165,-0.15954879036181147,0.45486351413527587
250_S7_NS_A1,0.5104568497749838,-0.40458072241741444,0.2180174457025201
250_V10_NS_A1,0.3540419389308839,-0.1557631881400408,-0.0782172243960216
250_V11_NS_A1,0.04543906427047116,-0.4220136025462183,-0.15885124320819705
250_V1_NS_A1,-0.16078926907326718,0.04283916192013748,0.5645526213543457
250_V2_NS_A1,-0.5063915296721845,0.34370388415992237,-0.5276078964285291
250_V3_NS_A1,-0.24493779709669,0.06873554665529107,-0.4536202642183891
250_V5_NS_A1,-0.06978853902180793,-0.6789623281729871,-0.22663800789000202
250_V6_NS_A1,0.18742909072255517,-0.12239635763355688,0.007971589705647578
250_V7_NS_A1,0.06277004833113137,-0.144077238691995,0.04223585893272844
250_V9_NS_A1,0.2568659123005682,-0.11541486293580805,-0.06745647950042256
251_V10_NS_A1,0.02779165225495443,-0.5282602902364106,0.03015401797453333
251_V11_NS_A1,-0.053261335338941986,-0.5183006199323785,0.04857839602505739
251_V12_NS_A1,-0.1559458872730032,-0.19737303282921279,-0.06092403661028955
251_V2_NS_A1,-0.5439683940584042,0.18358537137210593,0.06557894424684045
251_V5_NS_A1,-0.3770811865925889,-0.07795489253517132,0.048454825564638274
251_V6_NS_A1,-0.24128960198925942,-0.16702969933994377,0.1729808941994398
251_V7_NS_A1,-0.2271476709459672,-0.26342665658824743,0.10903363112931554
251_V8_NS_A1,-0.2353023152663636,-0.2690118454937164,0.16653302495734787
251_V9_NS_A1,-0.1840731877369012,-0.5413270468895478,-0.06564849569925765
252_S1_NS_A1,0.03755167896622765,0.1680800909958096,0.06360925887878215
252_S2_NS_A1,0.005502074098092737,0.09655494827536296,0.019195597593530542
252_S3_NS_A1,0.13930016257817443,0.02476380413216027,0.196052562539244
252_V10_NS_A1,0.3350110831173334,-0.04479378044659222,-0.16911700765545093
252_V12_NS_A1,0.09240494265400573,-0.040204776810033184,-0.013855861848580144
252_V2_NS_A1,-0.5891648799044845,0.1970306894156972,-0.07071516630554002
252_V5_NS_A1,-0.09470284528043137,0.07678916927383178,-0.5023331763476665
252_V6_NS_A1,-0.14760792948938506,-0.1059510807053365,-0.28952232747674483
252_V7_NS_A1,0.053535563816660005,0.2070687555320646,-0.015736510820002884
252_V8_NS_A1,0.29543654679769843,0.3713542912240205,-0.013005238788026858
252_V9_NS_A1,0.22921030645948967,-0.16709814960886465,-0.03483422999786466
253_S1_NS_A1,-0.4700308925915023,-0.10864905454826788,0.14793687933440403
253_S2_NS_A1,0.24088528001443218,0.09900498560752645,0.07255282741296887
253_V12_NS_A1,0.3205331593458956,0.35259229526267727,-0.23968556769556776
253_V2_NS_A1,-0.35998451659596536,-0.522244153678904,0.4039876619065356
253_V5_NS_A1,-0.5936464298556753,0.07192383053875485,-0.12624635401225395
253_V6_NS_A1,0.2525489175075219,0.2820687674016868,-0.17300398289573604
253_V7_NS_A1,0.35856678462240066,-0.1557493038652203,-0.28629483941229084
253_V8_NS_A1,0.30504550196977726,-0.09043347033414928,0.03354134070817804
253_V9_NS_A1,0.17434098698777625,-0.40169841794601313,-0.14603175872709698
254_A1_NS_A1,-0.21788113204242068,0.08398725872460103,0.545022928193203
254_S2_NS_A1,0.10981871994951624,-0.12133910119685369,0.012538368991803647
254_S3_NS_A1,0.15701882732673267,0.18234372936157103,0.20782862750781708
254_V10_NS_A1,0.4321131511491712,0.5039917819152785,0.005819394314693721
254_V2_NS_A1,-0.3437283400691049,0.24610941563053865,0.21943047198880028
254_V5_NS_A1,0.3028603159195379,0.58440908403357406,-0.08496366340680296
254_V6_NS_B1,-0.19172443584320223,0.2689688930018636,0.27808183991307034
254_V7_NS_A1,-0.053397143023018,-0.0638970336587187,0.31295987787977936
254_V8_NS_A1,-0.18562834568310851,-0.0753219703076065,0.043280334855733814
254_V9_NS_A1,-0.13977444155686847,0.43606929552214935,-0.09557087642126633
255_V2_NS_A1,-0.6552120940291247,0.43273514822150505,0.36981616981546855
255_V5_NS_A1,-0.3849226624007843,-0.1655822320088235,0.17708952894681254
255_V6_NS_A1,-0.2605775587722335,-0.19534125325106463,0.2055055359932226
255_V7_NS_A1,-0.1919482013301894,-0.16543383846013301,0.04126995983466646
255_V9_NS_A1,-0.10057151053342583,-0.17002544163405753,-0.26433859278072225
256_A2F_NS_A1,0.12401828863622204,0.3202475332956126,0.2568490915865933
256_A3_NS_A1,0.1258776486865017,-9.92200108626115e-4,0.12973773400388283
256_A4_NS_A1,0.26805055587991694,0.374930390509659,0.070120898009347
256_A5_NS_A1,0.08736678406683974,-0.12231880727712287,0.11123960172458536
256_S1_NS_A1,0.12359732854738421,-0.8354159849263969,0.7241195929010482
256_S2_NS_A1,0.009233546119700344,0.051256726880946415,0.13988627515367708
256_S3_NS_A1,0.5405829681648056,0.3665027051088103,-0.3243944042623949
256_S4_NS_A1,0.25049083772904485,0.34646686880838257,0.0579156279564915
256_V10_NS_A1,0.3787719667748306,0.623856647523911,0.09292870911800646
256_V11_NS_A1,0.3264038818851889,-0.08326064928025251,0.07114635994929198
256_V12_NS_A1,0.050315027884944755,0.15422303351772151,0.26122812929698136
256_V2_NS_A1,-0.382914514317258,0.139691391326435,-0.03786687862817348
256_V5_NS_A1,0.03436247486484606,0.17914102629920678,0.06161333615427085
256_V7_NS_A1,0.13872695192067097,0.18986297834411947,0.1724323026329472
256_V8_NS_A1,0.4533868633550286,0.36152124216769976,-0.27666731148780793
256_V9_NS_A1,0.12927077236578355,-0.14194173905379343,0.09759093949302432
257_S1_NS_A1,0.7617142312992546,-0.5426675755904364,-0.33771051323917245
257_V7_NS_A1,0.09329225109152607,0.11607820568818994,0.0877107342481195
257_V8_NS_A1,0.5793915410647326,0.3364641420791981,-0.2914974384588933
258_A1_NS_A1,0.5845688702644268,0.3737055369621589,0.24175270284215364
258_S1_NS_A1,0.7029137836674522,0.17317960981252456,0.12560132181242387
258_S2_NS_A1,0.5532452392482831,0.15441460171248092,-0.33310119127011606
258_V10_NS_A1,0.5274168105208135,-0.034931808007854614,0.5300174913511999
258_V11_NS_A1,0.22641197916691277,-0.31874948490600963,0.34945484921339937
258_V12_NS_A1,0.3469909505843349,-0.1907894951510824,-0.416648942499658
258_V5_NS_A1,0.19985783488159437,0.37303271035511026,0.1323835718633588
258_V6_NS_A1,0.3741568603118929,0.5529959366444893,0.14961861148854622
258_V7_NS_A1,0.4471887509851151,0.3928889648128688,0.3395842953713883
258_V8_NS_A1,0.4638170577546932,0.10186699397938978,-0.05996835012103929
258_V9_NS_A1,0.4906054516799026,-0.03831197377679995,0.0612882282907269
259_V10_NS_A1,0.36933030291875085,-0.41622853185481906,-0.34153405781484075
259_V11_NS_A1,0.3054759434482533,-0.37316326818333617,-0.25433659257635877
259_V1_NS_A1,-0.4092468030777427,0.26045820331403213,0.36983738931623994
259_V2_NS_A1,-0.1952226971540244,0.21829065171503403,-0.035616439915328674
259_V5_NS_A1,0.13032325382105203,0.27015638641456813,-0.18401218381589438
259_V6_NS_A1,0.019348656295585343,-0.03919603837929346,0.004047234448489042
259_V7_NS_A1,0.18875796760386732,-0.12238133223101118,-0.14178679715038284
259_V8_NS_A1,0.1984172053689194,0.06720954044241596,-0.1344790780389294
259_V9_NS_A1,0.4080355890463302,0.05543026860196794,-0.1487126646835028
260_S1_NS_A1,0.24030878587510018,0.010576190723259852,-0.04740517482808537
260_V10_NS_A1,-0.07063749134389306,-0.1895058937432574,0.39710404725451376
260_V11_NS_A1,0.16163541468718334,0.1642878151803921,-0.14405364544246427
260_V12_NS_A1,0.37502780538330943,0.2189336850051538,-0.24588838200044336
260_V1_NS_A1,-0.33045052991395857,0.03178046384053763,0.30391614488446844
260_V3_NS_A1,-0.021699858555413648,0.09743196866589869,-0.18254589176307634
260_V5_NS_A1,0.0859392091551653,0.14675900930553176,0.02209729607453535
260_V6_NS_A1,-0.04051504429687513,0.21144078590211626,-0.02186607037785278
260_V7_NS_A1,0.13880654873396323,0.2491366288602887,-0.10960764716689349
260_V8_NS_A1,0.2849093790776212,0.039999296141264004,-0.16551779395094643
260_V9_NS_A1,0.4846219897534976,0.4419199708635003,-0.24098050781091476
261_S1_NS_A1,0.009980710711694466,-0.25505064812649353,0.07403379340711341
261_S2_NS_A1,0.08245400116437443,0.08581089241329393,0.09088243650656652
261_S3_NS_A1,0.4500663347551154,0.1873043846511195,0.13753360445998805
261_S4_NS_A1,0.5859824962262195,0.19267362123067763,-0.09024705465914856
261_S5_NS_A1,0.5382629570003069,0.004692443629765795,-0.1308904663570775
261_S6_NS_A1,-0.08897623276029235,-0.49372862529395695,0.2782182270836295
261_V10_NS_A1,0.679793532707596,0.3507962428560134,0.4530189885417806
261_V11_NS_A1,-0.06929575025408063,-0.5857308366331756,-6.023240615854362e-4
261_V12_NS_A1,0.31703872448059656,-0.041546774517608756,-0.2148698639405379
261_V2_NS_A1,-0.4790973663354258,0.05564385204072177,-0.33535098983211425
261_V5_NS_A1,-0.46845799623375817,-0.5116274720145785,-0.1803692598198716
261_V6_NS_A1,-0.3772652645500138,0.19570056025229696,0.2487473441574678
261_V7_NS_A1,0.3130927296922513,-0.4638728347324122,0.30576337989769736
261_V8_NS_A1,0.5948988969176909,0.5850437516969996,0.11071561999141555
261_V9_NS_A1,0.4600047829300876,0.38762645287035224,0.502007246275896
262_V2_NS_B1,-0.45695290675216765,0.16160154151008366,0.3648254179584846
263_S1_NS_A1,-0.1068065673002145,0.028227086464063477,-0.19757397751408978
263_V10_NS_A1,0.0022039359030958413,-0.023939572618915807,0.08210375106834172
263_V11_NS_A1,0.38815126233049974,-0.31183262204912077,0.02277943941721973
263_V12_NS_A1,0.2840015122735979,-0.655003353954134,0.011978001875428025
263_V1_NS_A1,-0.4847544126294594,0.011863662478821145,0.1256316605365424
263_V2_NS_A1,-0.43273100951881843,-0.02802797496888469,0.053065349771734154
263_V5_NS_B1,-0.046567870779658155,-0.05482723356047272,-0.35126114382432794
263_V6_NS_A1,-0.021505815999179445,-0.17855559928114192,-0.498118430184539
263_V7_NS_A1,-0.1178906599678359,-0.3585802605264196,0.040503771099674755
263_V8_NS_A1,-0.10274565130907608,-0.2028172090454769,0.4023764292061991
263_V9_NS_A1,-0.21660332769682272,-0.28064968251037004,-0.07604046277937423
264_S1_NS_A1,0.10772987156830673,0.1572465167058036,0.4533275502725893
264_S2_NS_A1,-0.26854573145712246,0.2530329867613378,-0.33285637430847215
264_V10_NS_A1,0.6202031663543941,0.22121228024774436,0.06877560741488066
264_V11_NS_A1,0.23155649802153797,-0.15940009348514445,-0.11994974772853262
264_V12_NS_A1,0.4785891386514979,-0.2581741640444677,-0.16224263649915815
264_V1_NS_B1,-0.2811233934987184,0.284015733418355,0.2615392611313749
264_V3_NS_B1,-0.10858148960358763,0.25758148050701485,-0.058738768738811675
264_V5_NS_B1,-0.33339205110293024,0.2725609944192748,0.2613533275386528
264_V6_NS_A1,-0.24229372095775142,0.2672321838227365,0.02433293793204435
264_V7_NS_A1,0.39796023331105096,0.13266563008324198,0.33900185070116956
264_V8_NS_A1,0.23404681498309093,-0.23889283053486213,-0.27079729571456407
264_V9_NS_A1,0.4285774818995058,-0.036431360950863315,0.26605700442225866
265_S1_NS_A1,0.04356663592337141,-0.26326428923556683,-0.2736383764430291
265_V2_NS_B1,-0.3682060626025161,0.18553899748890845,0.34867619656864
265_V4_NS_A1,-0.4188976163183191,0.03748562616420432,0.21782192678184928
265_V5_NS_A1,-0.42508832288315984,0.22121619180623095,0.393403685969632
265_V6_NS_A1,-0.3893684957260578,0.01866393859293696,0.2591987935099857
265_V7_NS_A1,-0.12414162529315087,-0.054407504616047285,-0.06971516579781961
265_V8_NS_A1,-0.008946045303271944,-0.30423971510547637,-0.1304973819218138
265_V9_NS_A1,-0.01682299283343417,-0.25166775521790163,-0.0703549838210016
