SampleID,shannon_div,simpson_e_div,n_otus_div
101_S1_NS_A1,1.620420594852644,0.05938474741244028,40
101_V3_NS_A1,0.11768099278732698,0.07322877941060738,14
101_V5_NS_A1,2.6780396230292527,0.13800297114876764,32
102_V1_NS_A1,2.585533906033009,0.0902558945592227,41
102_V3_NS_A1,2.0938424553280424,0.05713518966570138,43
102_V5_NS_A1,2.4390460906547715,0.052895054783143776,50
102_V6_NS_A1,2.118631545307154,0.055101172066508435,46
103_S1_NS_A1,1.9122035848302954,0.15396552118289666,21
103_S3_NS_A1,0.8760938451868384,0.10319805658740769,16
103_V10_NS_A1,1.8001877330715923,0.08593177766865663,34
103_V11_NS_A1,1.5578114055592773,0.03783203058433359,57
103_V12_NS_A1,1.7823467798151447,0.04745603442334694,52
103_V3_NS_A1,0.42618223551058326,0.06752220122548852,17
103_V4_NS_A1,2.147361087140448,0.090971684721077,31
103_V5_NS_A1,1.7204518491032714,0.07548098711679946,38
103_V7_NS_A1,0.7891710724750944,0.044307544293773496,28
103_V8_NS_A1,1.5807576947270956,0.08750167237571331,30
103_V9_NS_A1,1.503041217041195,0.12874450164419604,20
104_V2_NS_A1,0.09239232405409169,0.07262812661906251,14
105_S1_NS_1a,1.8182585731868028,0.08682968244909024,29
105_S2_NS_A1,1.17686333022014,0.025568417864072226,53
105_V2_NS_A1,4.318382976048306,0.06282342141283394,122
105_V5_NS_A1,1.3005550352833122,0.07305242135099611,27
105_V6_NS_A1,1.5989424494810367,0.06970038182635868,35
105_V7_NS_A1,1.8960855751545895,0.07618110623364459,37
106_A1_NS_A1,1.7471169778232996,0.07749109571516645,32
106_AF1_NS_A1,0.9974849963958942,0.037276403430290636,43
106_S1_NS_A1,1.3087420422836964,0.027202487127315208,56
106_V5_NS_A1,1.2556510098520806,0.07274256845262639,22
106_V6_NS_A1,1.218579662607142,0.03866077832908855,38
106_V7_NS_A1,1.0521694604505596,0.04936243986045608,34
106_V8_NS_A1,1.2049987163087827,0.04677165157550952,34
106_V9_NS_A1,3.7524208626243216,0.09747252761177393,75
107_A3_NS_A1,1.518742172047961,0.08373258607336821,29
107_S2_NS_A1,0.5718474128925215,0.04917452084162487,25
107_S3_NS_A1,1.0629150556120237,0.05103918063430657,33
107_V5_NS_A1,1.6949773259617253,0.16593459751557812,17
107_V6_NS_A1,0.3682532882759818,0.06419622722110825,17
107_V7_NS_A1,0.8096572196205625,0.041366381655964866,31
107_V8_NS_A1,1.3898259409292801,0.07733601830377748,29
107_V9_NS_A1,2.632272993707221,0.057557235625938306,63
108_A1_NS_A1,0.03671755203203757,0.06704148353363619,15
108_A2_NS_A1,1.4332555476352897,0.16083540999993845,15
108_A3_NS_A1,1.0256440256905077,0.02668935822948553,56
108_A4_NS_A1,0.5991347469333411,0.2211901489870487,6
108_S2_NS_A1,2.943104004214642,0.15155914500151427,34
108_S3_NS_A1,0.7242065200497796,0.03344936409306885,38
108_S5_NS_A1,1.0378051917359148,0.1339660119385955,15
108_S7_NS_A1,0.990244850652629,0.09891810361879873,19
108_V10_NS_A1,0.964557632470223,0.09466707928386067,19
108_V11_NS_A1,1.1600291931048967,0.02778646530877811,59
108_V12_NS_A1,2.3060544758221573,0.018393098953710295,107
108_V4_NS_A1,0.05357943041576956,0.07763518879773165,13
108_V5_NS_A1,0.06904184919914959,0.09221060112712375,11
108_V7_NS_A1,2.7921790300803253,0.09563394654852705,39
108_V8_NS_A1,0.9004360995632424,0.03858166440273961,35
109_S1_NS_A1,2.554442728780832,0.05171529753974444,72
109_S2_NS_A1,4.178786065876331,0.16944099811808996,59
109_S3_NS_A1,2.6604383093862,0.02541979443256273,102
109_S4_NS_A1,3.9878468748816576,0.1710954800105592,52
109_S5_NS_A1,4.364203828787433,0.06421429879363756,131
109_V10_NS_A1,4.454587645222081,0.10370372631879778,112
109_V11_NS_A1,3.548731141440304,0.03227262442515419,136
109_V1_NS_A1,3.3897735239023183,0.1831701601038349,38
109_V3_NS_2a,3.008692376035385,0.1375191844419266,35
109_V4_NS_2a,0.9967575364732143,0.03437655384601624,44
109_V5_NS_A1,1.8762963056105633,0.03991646078714188,69
109_V6_NS_A1,3.527017008960754,0.1167470015237165,58
109_V7_NS_A1,1.582948381840483,0.045105530342165495,48
109_V8_NS_A1,1.0682160567600965,0.021733607263719288,61
110_S2_NS_A1,0.09756541375365756,0.07841862998293345,13
110_S3_NS_A1,2.9358563994660405,0.03728178424570802,89
110_S4_NS_A1,1.3810077835811638,0.06289818719499334,35
110_V10_NS_A1,2.861940775111563,0.018952626677698352,149
110_V11_NS_A1,1.2846869370962115,0.06783141048830324,26
110_V12_NS_A1,0.6890335079571892,0.04720647115370217,26
110_V5_NS_A1,0.6701181474928481,0.06331143560450421,19
110_V6_NS_A1,0.46282790880976765,0.04636091289180855,25
110_V7_NS_A1,0.5274039243742341,0.03198156445487872,36
110_V8_NS_A1,0.9180752679793056,0.04867446446903691,28
110_V9_NS_A1,1.1174751018695996,0.020686320052562775,66
111_S1V3_NS_A1,0.07724369850068989,0.06754144180769858,15
111_S1_NS_A1,0.2119030576193807,0.04016613207071192,26
111_V7_NS_A1,1.926339632866776,0.05094483731936915,47
112_A1_NS_A1,1.776730549381213,0.023886875130298725,71
112_A2_NS_A1,1.234351951570248,0.07600065533237076,28
112_S1_NS_A1,0.46983704795711523,0.07620437238437064,15
112_V11_NS_A1,0.3831749197853097,0.044871308190682954,25
112_V12_NS_A1,2.021286752635867,0.027369518949481322,82
112_V7_NS_A1,0.32699505100052245,0.030586821787121625,35
112_V8_NS_A1,0.23689821205376052,0.05866336462319874,18
112_V9_NS_A1,1.4148293642641703,0.04499215882954821,47
113_S1_NS_A1,1.2927653662543312,0.03714840564570651,44
113_V10_NS_A1,2.339523819017052,0.04437183020069158,68
113_V11_NS_A1,2.9043531183143108,0.03487145218019876,127
113_V12_NS_A1,1.359831554998434,0.016207035722434072,89
113_V1_NS_2a,2.5336535311662027,0.23677304330188756,16
113_V5_NS_A1,1.0135108716081107,0.04121051360447161,34
113_V6_NS_A1,3.972137816877319,0.07675181057137377,86
113_V7_NS_A1,1.6493516265852977,0.06888611558898416,36
113_V8_NS_A1,1.175392259394375,0.025814510376759928,58
113_V9_NS_A1,3.134816401421234,0.05171488187664718,79
114_V5_NS_A1,2.389861561431903,0.09908852037295651,40
114_V6_NS_A1,2.1394228370393833,0.03817037402633445,58
114_V7_NS_A1,0.9152426818530203,0.0721946334280957,22
114_V8_NS_A2,0.9258602728539301,0.089174625155667,19
114_V9_NS_A1,1.7035122811346728,0.06628811380937322,42
115_S1_NS_A1,4.2787539541442685,0.08571707254774838,104
115_V10_NS_A1,2.221858582434182,0.02681435570458069,77
115_V11_NS_A1,0.918509682918859,0.06123505821714959,24
115_V12_NS_A1,3.8710155410089375,0.06891617136154866,106
115_V5_NS_A1,1.7246304736489806,0.06739163841696795,42
115_V6_NS_A1,2.9316205721144857,0.05831012699124649,56
115_V8_NS_A1,1.9794024701178232,0.036783629058041126,58
115_V9_NS_A1,1.4957662911972334,0.025580110451560816,71
116_V1_NS_2a,1.276417521057049,0.04405597926129273,34
116_V3_NS_A1,1.6502496449824386,0.13883055229081628,18
116_V5_NS_A1,2.3647498046453954,0.09862412131480172,38
116_V6_NS_A1,1.335792793297292,0.04204712206168867,36
116_V7_NS_A1,1.643767551515003,0.03578308114147719,51
116_V8_NS_A1,1.381968554450973,0.09794562115530134,18
117_S1_NS_A2,2.3546372172639867,0.15143692195466832,24
117_S2_NS_A1,0.7634611367549645,0.03704094993323701,35
117_S3_NS_A1,4.189126373060794,0.20469877020254046,56
117_V10_NS_A1,2.9340219513944175,0.05633398875225214,73
117_V11_NS_A1,2.1998013750026426,0.0360079835979429,82
117_V12_NS_A1,3.250828744889333,0.045783216925689034,125
117_V3_NS_A1,1.8772781894126245,0.18471162084753917,13
117_V5_NS_A1,1.467521715272285,0.06270275877591573,30
117_V6_NS_A1,2.5949820300712227,0.11381431360903581,35
117_V7_NS_A1,2.863268441643308,0.14624582920057244,36
117_V8_NS_A1,0.9690813666453291,0.04278597384181252,34
117_V9_NS_A1,2.1565361592722097,0.05819928253786866,64
118_S1_NS_A1,4.47960103518769,0.15510621237575037,73
118_S2_NS_A1,2.102156152035107,0.026283247686724902,106
118_S4_NS_A1,0.6214586438714418,0.14364996961300366,9
118_V10_NS_A1,2.4054346824385084,0.03299535563643178,99
118_V11_NS_A1,1.1189965913835145,0.06364263137098602,31
118_V12_NS_A1,1.4540182709483038,0.016035444999061708,97
118_V6_NS_A1,1.2638456487572058,0.033673655368040914,61
118_V7_NS_A1,2.810380684638211,0.08011252310180797,52
118_V8_NS_A1,3.373781179996164,0.16812141001947112,40
118_V9_NS_A1,1.3353878406694881,0.0460292760759506,43
119_V10_NS_A1,1.4141407444153233,0.06840672459828777,29
119_V11_NS_A1,2.7782556611240383,0.020147972058096035,121
119_V2_NS_A1,1.9285520657468107,0.0761701168032789,32
119_V5_NS_A1,1.0251104415562848,0.20347793272866527,9
119_V6_NS_A1,0.6600242126089683,0.05827634178092148,21
119_V7_NS_A1,1.4863172217669043,0.09495885434740306,22
119_V8_NS_A1,1.1686528717794957,0.0921987876670771,20
119_V9_NS_A1,1.4161252381865177,0.023593177517445836,62
120_V1_NS_A1,2.879801487324093,0.20433610032202879,26
120_V2_NS_A1,1.1929734595821286,0.05537968297355545,27
121_V10_NS_A1,1.6497810595411888,0.027091799154829926,73
121_V11_NS_A1,1.9269444534551028,0.08784343566077532,37
121_V1_NS_A1,2.817679297048775,0.14778369385461015,32
121_V3_NS_A1,1.6662761866034899,0.045853756596521425,50
121_V5_NS_A1,0.8508082641405006,0.039148376122539755,34
121_V6_NS_A1,1.992682041814501,0.029091500230193773,77
121_V7_NS_A1,0.4092979527408352,0.04459942347663254,25
121_V9_NS_A1,0.9933685208864724,0.023847576865552677,58
122_V10_NS_A1,0.6031619867177558,0.024937391573748854,49
122_V11_NS_A1,2.1011887402261813,0.030725363439892857,63
122_V12_NS_A1,2.3275677010253366,0.043993067709648705,51
122_V3_NS_A1,1.796846643241318,0.052700227261930424,46
122_V5_NS_A1,1.3835286193353025,0.04588114449876287,41
122_V6_NS_A1,2.884225398292414,0.11794519791964955,45
122_V7_NS_A1,0.8165707462996328,0.03625014346538029,38
122_V8_NS_A1,4.730884437886173,0.21285608524215294,76
122_V9_NS_A1,1.0111038131868162,0.021857485869791103,62
123_S1_NS_A1,1.2999076376006093,0.033628942159890846,45
123_S2F2_NS_A1,1.6304851117896442,0.04687796643771617,48
123_S2F_NS_A1,0.8410279017810987,0.029012556131796374,43
123_S2_NS_A1,1.5507811868928565,0.046900444106496096,38
123_S3_NS_A1,3.9409827891537597,0.17687128618054265,52
123_S4_NS_A1,3.4990010151701556,0.09056949925426251,59
123_V10_NS_A1,1.438529400405627,0.02851176746990365,63
123_V11_NS_A1,0.21659472395477575,0.04558830938718788,23
123_V12_NS_A1,0.9486916167039029,0.0168288971227372,74
123_V2_NS_A1,1.419554923558801,0.05343848676603945,33
123_V3_NS_A1,1.0679112186339335,0.0511845330921862,27
123_V4_NS_A1,0.4554989304600227,0.03469663075841106,32
123_V5_NS_A1,1.8231307770900513,0.07476743067317097,35
123_V6_NS_A1,1.506354628250425,0.04779392531868052,36
123_V7_NS_A1,2.089248449704994,0.07306346135897834,35
123_V8_NS_A1,4.032031948442001,0.1167201947425092,67
123_V9_NS_A1,1.2913838832528666,0.03529971865757114,44
124_V10_NS_A1,0.7999438032179749,0.019924988658208288,61
124_V12_NS_A1,0.9102058876763425,0.06694903116831828,21
124_V1_NS_A1,2.527641353457789,0.05514539787252915,55
124_V5_NS_A1,2.1826033837044267,0.052975991594227376,62
124_V6_NS_A1,1.4080340768259483,0.07255627800131785,27
124_V7_NS_A1,1.4409454179385486,0.04587249976676358,41
124_V8_NS_A1,1.0900180776158985,0.09829010136272855,16
125_V10_NS_A1,1.0177841389188869,0.06608007227912314,24
125_V11_NS_A1,1.0583771705395995,0.091649906098439,21
125_V12_NS_A1,2.9463083207741247,0.07165271853351876,78
125_V2_NS_A1,1.5886289642527327,0.09557057160376595,27
125_V6_NS_A1,2.0323942578937837,0.04011771757916341,66
125_V7_NS_A1,0.7717531848356819,0.06327826227433164,21
125_V8_NS_A1,1.780796354952392,0.03071379277019727,63
125_V9_NS_A1,0.7993503551273798,0.0856835132883613,16
126_V1_NS_A1,3.210028863518094,0.37178478289047623,19
126_V6_NS_A1,3.4227844234754214,0.2537062100861462,29
126_V7_NS_A1,2.4426038609464844,0.09058215651954601,37
127_S2_NS_A1,0.4849230342624022,0.03444085521597474,33
127_S4_NS_A1,2.2721496855129515,0.10902181059162455,31
127_V10_NS_A1,0.5295762219864153,0.044756470724490835,26
127_V11_NS_A1,2.321150606224817,0.0548739414525862,52
127_V12_NS_A1,3.0665854129050527,0.21821592334685616,30
127_V1_NS_A1,2.375732212218357,0.08070809902803691,36
127_V5_NS_A1,0.11396908450289717,0.05675063308736247,18
127_V6_NS_A1,0.34799092789003006,0.03179027836375209,34
127_V7_NS_A1,1.9556668053695279,0.06236327133394753,46
127_V8_NS_A1,1.8919055465953125,0.06918818869058173,36
127_V9_NS_A1,2.4702496830387277,0.03688034188932555,85
128_A2_NS_A1,1.7383642995519877,0.1619290401879281,19
128_A3_NS_A1,3.4053992895863607,0.13478930802900227,41
128_V2_NS_A1,1.1721781389183321,0.11560477988586332,18
128_V6_NS_A1,2.9049470666448443,0.12396693702615962,35
128_V7_NS_A1,0.8566023684231296,0.03815278572240653,35
128_V8_NS_A1,1.1406138210526535,0.06844483163411923,27
129_V3_NS_A1,1.5834526591302232,0.11044068900747508,21
129_V5_NS_A1,1.1601621647157851,0.03612476355836504,41
129_V6_NS_A1,1.586244637996969,0.08315980141951684,31
129_V7_NS_A1,0.6547881046667728,0.03769260548244736,34
129_V8_NS_A1,1.8364071107654234,0.08636051612678489,34
129_V9_NS_A1,1.0059234757183728,0.038655928480619495,38
130_S1_NS_A1,0.14063150464676819,0.0467142906651997,22
130_V10_NS_A1,0.3062488191462661,0.02646986806803654,40
130_V11_NS_A1,0.8919220475335289,0.028770128692560282,46
130_V12_NS_A1,1.4869048518463683,0.03666866095290702,52
130_V1_NS_A1,3.3059837377875505,0.154601983439555,41
130_V2_NS_A1,2.1480303122220894,0.08761608188977511,30
130_V5_NS_A1,0.9301865267764641,0.06771608908273627,20
130_V6_NS_A1,0.2936834127860269,0.04912850261413744,22
130_V7_NS_A2,0.5312491485552746,0.056176744324622774,21
130_V8_NS_A1,0.2903306182351422,0.024527685818891507,43
130_V9_NS_A1,0.08015897960323105,0.04050864026004277,25
131_A1F_NS_A1,2.3174420098205584,0.04701190012227794,58
131_A1_NS_A1,3.08600081536408,0.08539061177085948,68
131_A2F_NS_A1,2.021781517008225,0.048178946907546316,47
131_S1_NS_A1,0.4609239538754714,0.030509791759480244,37
131_S2_NS_A1,1.4043815433482245,0.04486687150343722,38
131_S4_NS_A1,1.1289410383994711,0.0659472368292421,31
131_V10_NS_A1,1.980807902854822,0.036456069920257274,67
131_V11_NS_A1,3.160634918714613,0.04187450722393958,82
131_V12_NS_A1,3.386379062212963,0.03158149292983349,124
131_V3_NS_A1,1.5631713995423195,0.07937466102058827,30
131_V5_NS_A1,1.4971545139693594,0.06137504302697391,30
131_V7_NS_A1,3.3136056861016123,0.12502386142907307,47
131_V9_NS_A1,3.18207476434326,0.0600007650337545,61
132_S1_NS_A1,1.5307425542834765,0.12490340595100777,20
132_V1_NS_A1,1.5832178725537576,0.05357329868135229,33
132_V2_NS_A1,0.3294599266555487,0.028029925362733216,38
132_V4_NS_A1,1.4106431308053913,0.0582310975970036,38
132_V5_NS_A1,0.40888795192617616,0.04554094387021741,25
133_S2_NS_A1,0.9043975541864477,0.059382012770757414,26
133_V11_NS_A1,2.0073251097624616,0.03253431993354877,80
133_V12_NS_A1,1.166182554191877,0.04116966645324312,50
133_V2_NS_A1,3.0714023697589288,0.16729990797166663,32
133_V3_NS_A1,2.890331776671991,0.15796571299859158,32
133_V5_NS_A1,0.9083932401265824,0.09180226889968562,16
133_V6_NS_A1,0.884620486085982,0.16684439766127535,9
133_V7_NS_A1,1.0344853796425664,0.03317964059295707,45
133_V8_NS_A1,0.8246478729432904,0.042808358195293356,31
133_V9_NS_A1,3.8118008972404893,0.17846831595233967,54
134_V10_NS_A1,2.2034397444775027,0.06026066880370764,57
134_V12_NS_A1,3.8988913581974893,0.19840325063885847,48
134_V2_NS_A1,2.332260071209482,0.0996342605636378,38
134_V3_NS_A1,1.3582952370710297,0.06779968528742081,25
134_V5_NS_A1,1.0989829954671535,0.05018627035733287,30
134_V6_NS_A1,3.1719994828055205,0.1147938440542985,43
134_V7_NS_A1,2.5758200081970783,0.06365288503200502,50
134_V8_NS_A1,1.2402371913973818,0.031229658386343225,47
134_V9_NS_A1,3.696061582556576,0.14491842989379228,53
135_S1_NS_A1,1.2975371355548893,0.057857524995350476,33
135_S2_NS_A1,0.24207382139854489,0.055824194792623766,19
135_V11_NS_A1,1.7633590732899938,0.04825822197816172,52
135_V2_NS_A1,2.3478323426776164,0.04581575268363482,60
135_V5_NS_A1,2.0869944355966554,0.047690738153429876,50
135_V6_NS_A1,0.5442027864195382,0.05531299957110965,21
135_V7_NS_A1,0.9539278616079275,0.03176473698115155,41
135_V8_NS_A1,1.8129365948508256,0.042866169394639386,47
135_V9_NS_A1,0.4750016245117765,0.03794676606047921,30
136_V10_NS_A1,1.6592574794004007,0.020090299362268034,81
136_V11_NS_A1,1.0069484822213464,0.02281717738446075,60
136_V12_NS_A1,2.034968479457463,0.03231300913992853,80
136_V2_NS_A1,1.0045766463142674,0.1284913707379766,14
136_V4_NS_A1,2.2625328872406727,0.07949767644191297,44
136_V5_NS_A1,1.617586757921285,0.05570581735572117,43
136_V6_NS_A1,1.6500767012144113,0.04543977356248468,52
136_V7_NS_A1,1.8094810790670655,0.030509608532579748,74
136_V8_NS_A1,0.7974022490831957,0.03494836664705537,38
136_V9_NS_A1,1.8139200078479312,0.022356739164569834,76
201_A1_1_NS_A1,1.0112011575933202,0.045364780678351625,34
201_A1_2_NS_A1,0.9496702432862201,0.10107913806139691,15
201_AF1_NS_A1,1.0395668951666848,0.015047491251712106,85
201_S1_NS_A1,2.6760273545528492,0.03091440175599738,88
201_S2_NS_A1,0.5298508859567066,0.03497374611810653,33
201_S3_NS_A1,0.6758238114544128,0.0458500711769169,28
201_S4_NS_A1,0.46967209261557585,0.06098566770578478,19
201_V10_NS_A1,3.074623627503116,0.013110467826487178,245
201_V2_NS_A1,0.450497160322598,0.041766897614555154,27
201_V4_NS_A1,1.8136827531920763,0.05681329664939676,43
201_V5_NS_2a,2.047332162223921,0.09494725822226642,34
201_V6_NS_A1,1.0977153861907274,0.04689172542854783,34
201_V9_NS_A1,0.702661997942584,0.015898551869623734,73
202_A1_NS_A1,2.9700608414282015,0.11573479647299968,39
202_AF1_NS_A1,2.094497557626587,0.05366002380040988,66
202_S1_NS_A1,1.5267671955120279,0.07144448027718538,32
202_S2_NS_A1,1.3958150525744262,0.07377178756239913,29
202_V5_NS_A1,0.6189667139725857,0.16724728680747514,8
202_V6_NS_A1,0.8183909404796149,0.17151286029667967,9
202_V7_NS_A1,1.0754136850082043,0.07602760623204372,25
202_V8_NS_A1,1.4725873481065028,0.10983946882546743,18
202_V9_NS_A1,2.4147674597796844,0.04407406993698804,59
203_S1_NS_2a,0.14494886984045083,0.06861164063860065,15
203_S2_NS_A2,0.6398682359118896,0.09746496681708712,13
203_S3_NS_A1,0.9388299010056951,0.06305445333533673,27
203_S4_NS_A1,0.7626922190053413,0.03216791135038319,40
203_V1_NS_A1,2.425737100930338,0.08091170428064083,36
203_V3_NS_A1,1.033339065615145,0.15439690613797674,13
203_V5_NS_2a,0.887761918689429,0.10784313344867368,15
203_V6_NS_A1,1.6870573274565115,0.03162845774382125,72
203_V7_NS_A1,0.8667211477935589,0.05577501007924149,25
203_V8_NS_A1,1.3254869977816666,0.057472328993165595,36
203_V9_NS_A1,3.428384753708278,0.036978457900564095,96
204_A1F_NS_A2,0.37949696340937367,0.020624020833362892,52
204_A1_NS_A1,0.43274734979900886,0.025449889103966075,43
204_A2F_NS_A1,3.91665856144719,0.16337804737798692,52
204_S1_NS_A1,2.994148431886235,0.18926394947227906,30
204_S2_NS_A1,4.273189975879196,0.1921565390178464,60
204_V10_NS_A1,1.0775651436083897,0.016315554530042468,79
204_V11_NS_A1,2.6949375484347087,0.05312817673955894,71
204_V12_NS_A1,0.9735293098009727,0.048669602022512415,32
204_V2_NS_A1,1.2337758952640918,0.06318811925051934,24
204_V3_NS_A1,0.7816197043207239,0.040287499849808193,32
204_V4_NS_A1,1.4188779600239652,0.08837122486434278,24
204_V5_NS_A1,1.3343567416348074,0.03874777822467657,41
204_V6_NS_A1,2.845469061398297,0.07134615724003565,48
204_V7_NS_A1,1.9277792446463728,0.051343086626943986,49
204_V8_NS_A1,0.673330496994519,0.02846187774682558,41
205_A1F_NS_A1,0.8002196434679377,0.02068560096011042,58
205_A1_NS_A1,1.2805500656833386,0.03875682203782601,52
205_S1_NS_A2,2.894656979260232,0.061889396046771024,59
205_S2_NS_A1,1.5695521944188262,0.02466528541726071,83
205_V10_NS_A1,1.5218520261290391,0.13206798120091529,20
205_V11_NS_A1,1.1590348282217728,0.05064757975212029,34
205_V12_NS_A1,1.3366969085062232,0.017970216310124562,84
205_V2_NS_A1,1.7422519507217038,0.0783072380727035,30
205_V5_NS_2a,0.9609847541539235,0.08168376402600895,18
205_V6_NS_A1,1.236993305879458,0.0811960946029599,21
205_V7_NS_A1,1.5795351066019172,0.03990521973985633,51
205_V8_NS_A1,1.600921933924609,0.05212753118103149,43
205_V9_NS_A1,1.2032906355977409,0.044430516721506705,36
206_V10_NS_A1,2.6649990653460227,0.036349035154482276,101
206_V11_NS_A1,1.8679014450436342,0.027991020117982535,86
206_V1_NS_A1,3.811987916112628,0.11077702238187699,65
206_V5_NS_2a,0.8611121201865396,0.0489931039188259,26
206_V6_NS_A1,2.462906606591,0.031871067224243606,83
206_V8_NS_A1,2.2100136941622432,0.02587195419314627,80
206_V9_NS_A1,1.9151618567522628,0.043657309289383404,62
207_S1_NS_2a,2.2941705551216764,0.1681533541909409,22
207_S3_NS_A1,2.4909438345237462,0.0596225231283518,60
207_S5_NS_A1,1.9059907193499626,0.026632599608836145,84
207_S6_NS_A1,1.8930664631628515,0.024072892255550274,89
207_S7_NS_A1,2.8937644655948196,0.027076800098595942,128
207_S8_NS_A1,1.4357461308426513,0.03534310835116934,55
207_V12_NS_A1,2.7724077388289547,0.022913200014070538,117
207_V1_NS_A1,4.524865109819613,0.10935860304445605,100
207_V4_NS_2a,2.573783247175438,0.08938002585449532,43
207_V5_NS_A1,1.7840705776537926,0.05978784431717904,46
207_V6_NS_A1,4.197547828878815,0.12921764286525494,69
207_V7_NS_A1,4.1471775212183655,0.15425425316999666,67
207_V8_NS_A1,2.8995162287342966,0.040824072906777746,87
207_V9_NS_A1,1.6699467568816533,0.0230849779229353,70
208_V10_NS_A2,1.600447690553484,0.02372268468552219,69
208_V11_NS_A1,2.8726088089271355,0.03662353416849826,74
208_V3_NS_A1,2.624832170871148,0.20575051285372833,20
208_V9_NS_A1,1.9067065888846153,0.09745317471433618,26
209_V10_NS_A1,0.01620257501176851,0.08351696040383401,12
209_V11_NS_A1,3.1262356539285614,0.06344723244301444,61
209_V12_NS_A1,1.6161013510779405,0.03468925485525484,66
209_V2_NS_A1,0.35078937567595525,0.09113719438171712,12
209_V4_NS_A1,0.04962199966923093,0.16817564959072337,6
209_V4_NS_A2,0.734253569918641,0.059410866496057195,21
209_V5_NS_A1,0.34394825953803787,0.10927400145526744,10
209_V6_NS_A1,0.7020399862143186,0.037751181563661425,32
209_V7_NS_A1,0.009635442901302629,0.20028026419049763,5
209_V9_NS_A2,3.8894625957257607,0.17668332493592825,46
210_S1_NS_A1,1.824817574280521,0.03726561771107809,65
210_V11_NS_A1,0.8874777831416325,0.01901322424808752,64
210_V12_NS_A1,0.15864823908960138,0.03022781784969426,34
210_V2_NS_A1,2.53486529998967,0.1644419625986425,23
210_V3_NS_A1,2.533884519086849,0.1440686876627935,27
210_V6_NS_A1,2.0854247952194767,0.08783524863275258,39
210_V7_NS_A1,1.9722457316930513,0.06578817220372488,45
210_V8_NS_A1,2.48897916539972,0.0646099457581027,51
210_V9_NS_A1,3.6085943962827964,0.10998813615169163,68
211_S1_NS_A1,0.1310497348845312,0.02687700828365521,38
211_V10_NS_A2,0.8116486085342157,0.060430417583008336,22
211_V11_NS_A1,1.2837273714283006,0.03524856972724582,51
211_V12_NS_A1,0.3927766853151364,0.06656418684091713,17
211_V2_NS_A1,0.6422800545895526,0.06027638734417584,21
211_V5_NS_2a,1.6027720135710308,0.04604950662913179,39
211_V6_NS_A1,1.656202309013431,0.08366206501214425,32
211_V7_NS_A1,2.1786554985030517,0.044661909355114174,54
211_V8_NS_A1,0.2353925468411087,0.04186816681424846,25
211_V9_NS_A1,3.5292748190688488,0.09133821778458126,62
212_S1_NS_A1,1.0679568404770825,0.03787284872751016,40
212_V3_NS_3a,2.8966591750091726,0.13347429322084944,31
212_V5_NS_A1,1.2623588083186854,0.0630598951725346,33
212_V6_NS_A1,2.7997701616261765,0.05600203476449065,77
212_V7_NS_A1,2.4233132312187493,0.06337274472498201,56
212_V8_NS_A1,1.8143825801773994,0.02872191301359548,63
212_V9_NS_A2,0.9525388040256618,0.055072741823206005,29
213_V1_NS_1a,1.0499567484921037,0.027179406533309646,50
213_V2_NS_1a,2.0597977161241388,0.06424216529276829,48
213_V5_NS_A1,2.3714188652434376,0.05515958889196552,62
214_S1_NS_A1,0.1876247804230393,0.04143579419064778,25
214_S2_NS_A1,1.3523786352909246,0.05870419317970129,34
214_S3_NS_A1,0.19544322417271606,0.049647495335990166,21
214_S4_NS_A1,1.366818044770794,0.056519364452135776,36
214_V10_NS_A1,0.651946790656844,0.02587564006953613,45
214_V11_NS_A1,0.8870908465483507,0.056829324886374,25
214_V12_NS_A1,0.5430563011582562,0.024679801320767993,46
214_V3_NS_2a,1.265883157738256,0.06456491644917586,24
214_V5_NS_A1,0.9712834991618232,0.031674484575619416,42
214_V6_NS_A1,0.9636996508839789,0.045566835808027166,30
214_V7_NS_A1,0.7285270052787958,0.08822497361213096,15
214_V8_NS_A1,0.7435033645857048,0.07902143296429774,17
214_V9_NS_A1,1.0034501100477675,0.06778769951085914,24
215_S1_NS_A2,0.5268943101900545,0.038695675576384654,30
215_S2_NS_A1,4.852762335610917,0.07467215622906138,132
215_S3_NS_A1,1.3917439784004064,0.03001965487670819,58
215_V10_NS_A1,3.3271991196945687,0.04489462124842687,109
215_V11_NS_A1,4.612731647695198,0.039615585193358754,241
215_V12_NS_A1,3.3495283472754505,0.05109637930279595,102
215_V2_NS_2a,1.3149405586774199,0.06726811175073817,32
215_V3_NS_2a,1.2796727556047216,0.07831960770460368,27
215_V5_NS_A1,1.769165445200232,0.09132087299715429,28
215_V6_NS_A1,2.0941176172333584,0.07580126255189318,47
215_V7_NS_A1,0.14290744605169076,0.07387554825851635,14
215_V8_NS_A1,2.059566833304054,0.06739190810021041,43
215_V9_NS_A1,3.825284747613825,0.08550995064758996,106
216_V1_NS_1a,3.1083673273886547,0.171833648339923,29
216_V2_NS_1a,2.344773057333484,0.05277106676394836,50
216_V4_NS_A1,1.7288870402869767,0.030093225297081645,62
216_V5_NS_A1,1.3615646300339626,0.026091217026900298,59
216_V7_NS_A1,2.0912140613689782,0.026932002478735333,90
217_S1_NS_A1,1.208166513844113,0.022254465817675952,62
217_S2_NS_A1,1.2785482129666559,0.03344986214980654,43
217_S3_NS_A1,4.465203636820976,0.13616874867957166,86
217_S5_NS_A1,2.080681034545961,0.013462742165315462,130
217_S6_NS_A2,5.017023559092648,0.0871576833396427,167
217_S7_NS_A1,4.289232133903868,0.10464782931927313,97
217_V10_NS_A1,3.8203529882469494,0.10691967385573384,81
217_V11_NS_A1,4.798666128150323,0.14512028583680953,97
217_V12_NS_A1,4.211605215936998,0.06541616429233027,104
217_V1_NS_2a,3.8101748359310457,0.2546154213818515,39
217_V2_NS_2a,0.8555398892730994,0.043654818417171615,31
217_V4_NS_A1,0.0014730335283281598,0.5001000099999997,2
217_V5_NS_A1,0.08530412300855263,0.04608812910473667,22
217_V6_NS_A1,2.1853666841009955,0.0779149255342903,38
217_V7_NS_A1,3.9770977359213124,0.11831743679016947,67
217_V8_NS_A1,4.068352826980545,0.13989142780079464,63
217_V9_NS_A1,3.040770728436931,0.051065559705864676,66
218_A1_NS_A1,0.08018269350184376,0.06339621324782045,16
218_V11_NS_A1,2.2581118363081125,0.02749100121387395,82
218_V12_NS_A1,0.6205539802371458,0.03425645762659119,35
218_V2_NS_2a,0.970422445233067,0.06720401654213425,22
218_V5_NS_A1,2.334773628193505,0.049512182263999754,51
218_V6_NS_A1,1.977442603716707,0.06627990222759991,42
218_V8_NS_A1,0.794665284991128,0.043296035536333,29
218_V9_NS_A1,2.5349293507600494,0.03262622630516562,78
219_A1_NS_A1,0.765208572497477,0.03901397880223839,34
219_S1_NS_A1,0.764097592442316,0.03056397845654455,43
219_V10_NS_A1,2.0469961517035262,0.014724807697869366,154
219_V1_NS_2a,1.1735096898568225,0.06947924157860592,22
219_V3_NS_2a,0.08028899842399646,0.05630718781815885,18
219_V5_NS_A1,1.6919509909121468,0.0544903161907943,45
219_V7_NS_A1,2.23451079439078,0.05566929311719468,64
219_V8_NS_A1,2.906072488514808,0.044077680995767136,84
219_V9_NS_A1,0.17113556784887776,0.08678423194656433,12
220_S1_NS_2a,3.4488808963977946,0.1610503653290645,45
220_V10_NS_A1,4.725355448019978,0.06905387858441593,145
220_V11_NS_A1,3.721187794492399,0.062099950874467666,94
220_V12_NS_A1,1.7755760313720663,0.03028999470091082,66
220_V3_NS_A1,1.4367195218378546,0.12997824003088865,17
220_V4_NS_A1,1.5270626602854684,0.12567693177245198,18
220_V5_NS_A1,1.139309002075254,0.03788543327079443,38
220_V6_NS_A1,0.7674783574324264,0.04289328894595102,33
220_V7_NS_A1,0.559588724968066,0.02343076271848793,48
220_V8_NS_A1,4.152263982105137,0.1481174165271339,65
220_V9_NS_A1,3.893025298659732,0.09331085114127384,80
221_V10_NS_A1,3.647701460692931,0.07834267389531385,90
221_V11_NS_A1,2.4569969671038563,0.017383026308847017,129
221_V4_NS_A1,1.6217867708886078,0.07539447959931539,32
221_V5_NS_A1,2.0225112962565595,0.0767464891551071,30
221_V6_NS_A1,3.1856851659028957,0.15603196580698026,37
221_V7_NS_A1,2.4334372601815843,0.12044316677797826,31
221_V8_NS_A2,2.800001786614025,0.11538867174022967,34
221_V9_NS_A1,0.7659199088319631,0.03920295791962729,35
222_V11_NS_A1,1.4647173897619417,0.0830328096408638,29
222_V12_NS_A1,1.0629707970553335,0.011884168005458204,106
222_V1_NS_2a,1.5089301232129277,0.10359369876741253,23
222_V3_NS_2a,1.7993995463235182,0.07696891179163513,27
222_V4_NS_2a,2.467918981336495,0.0627227183371804,42
222_V5_NS_A1,2.041025116684877,0.0543359737573765,60
222_V7_NS_A1,1.7086978137221975,0.013392478794569384,123
222_V9_NS_A1,1.4967161021827637,0.05358360891035103,41
223_A1F_NS_A1,0.7689552102272708,0.05393337710242617,27
223_V10_NS_A1,0.3136123312572397,0.014885328171257123,71
223_V11_NS_A1,3.287398417953349,0.03596263229902603,99
223_V12_NS_A1,2.079202500479126,0.03128760633398067,65
223_V1_NS_2a,0.21477328530929796,0.11815858792414834,9
223_V2_NS_2a,1.0483524097546384,0.2508396002764614,8
223_V5_NS_A1,1.7021970558047739,0.06246441823727846,37
223_V6_NS_A1,1.1163577115939194,0.038908400786117146,38
223_V8_NS_A2,1.662262220924453,0.05045573405128103,47
223_V9_NS_A1,2.6941596398671055,0.06818662295220451,53
224_V2_NS_2a,1.113657196452131,0.057657144108072246,28
224_V5_NS_A1,0.40710619558160005,0.0414459419509828,27
224_V7_NS_A1,0.7528800743102301,0.03180190213537052,40
224_V8_NS_A1,2.0313551551536073,0.03606485001871672,58
224_V9_NS_A1,1.3068758886247227,0.029095529029247082,53
225_V2_NS_A1,1.2394312720604255,0.02875695199314434,50
225_V3_NS_A1,1.4131938521123941,0.18898257229553816,13
225_V5_NS_A1,2.2176235690544908,0.09457428929019904,41
225_V6_NS_A1,1.6262220877576135,0.045314245752558685,49
225_V7_NS_A1,1.3381138815777922,0.07965772668000137,26
225_V8_NS_A1,1.499984896551424,0.09177164425052484,25
226_A1_NS_A1,0.7445930432083792,0.03767350960559515,34
226_A2F_NS_A2,1.1437452322528943,0.11736070532995241,16
226_A2_NS_A1,1.2355520947041747,0.07800171962279075,27
226_A3_NS_A1,0.59055218375091,0.03295266728432092,36
226_AF1_NS_A1,1.642847316019995,0.04988049665527677,49
226_S1_NS_A1,3.0764550283049528,0.0711745856314913,63
226_S2_NS_A1,0.7185139487810444,0.015027515687785657,78
226_V10_NS_A1,0.8141411550763549,0.0852200123695825,17
226_V11_NS_A1,0.41776244594275586,0.03310824533820576,34
226_V12_NS_A1,2.2007392929296845,0.023689249765866116,102
226_V3_NS_A1,0.7813243777780425,0.04708041431939728,26
226_V4_NS_A1,0.15916737325916705,0.057315752106951105,18
226_V5_NS_A1,0.7483389816545419,0.03235992910519423,37
226_V6_NS_A1,2.0852015199471943,0.03812003240989551,66
226_V7_NS_A1,2.481934925267522,0.057849057545599915,62
226_V8_NS_A1,2.169225675749758,0.04496579247122701,48
226_V9_NS_A1,1.08664823227298,0.06451466625585102,28
227_A1F_NS_A1,1.0869835437938902,0.06300984542444883,24
227_A1_NS_A1,1.7865326950798122,0.08801277359659601,33
227_S1_NS_A1,1.6028136013737788,0.04950452152121549,48
227_S2_NS_A1,1.5038094583951596,0.09027729103271696,26
227_V10_NS_A1,0.7055484033092948,0.03775821708139632,34
227_V11_NS_A1,0.9670773212161876,0.028351778433346495,50
227_V12_NS_A1,1.2814195322124537,0.03144161237810097,49
227_V2_NS_2a,1.4696311167708034,0.07420233792689732,24
227_V4_NS_A1,1.812755221402593,0.12108992313272227,25
227_V5_NS_A1,1.8744096884288783,0.12972398855269865,23
227_V6_NS_A1,2.2187082490665992,0.07211033862510247,50
227_V7_NS_A1,0.8586052108301376,0.027346146594923414,46
227_V8_NS_A1,1.655800191761532,0.02890031534914336,61
227_V9_NS_A1,2.004646280296463,0.051278365287967996,55
228_A1_NS_A1,1.7334210009256934,0.04091143744037363,56
228_A2_NS_A1,1.184531447665676,0.0458449334004234,38
228_A3F_NS_A1,4.587928004627737,0.0228065862385044,224
228_A3_NS_A1,0.8928051686514669,0.031106079325359803,42
228_S1_NS_A1,1.2938006246255387,0.04833647507531595,40
228_S2_NS_A1,0.8662742710298158,0.06974614884782289,20
228_S3_NS_A1,2.0157851720576554,0.013035353257173829,130
228_V10_NS_A1,2.2032347424002423,0.029855344045111924,93
228_V11_NS_A1,2.035021452775286,0.017755567806755298,114
228_V12_NS_A1,2.2785658244608546,0.014764962875390761,170
228_V2_NS_2a,0.9580726785352275,0.018265667345479263,71
228_V3_NS_2a,1.3222426623724415,0.05868261601956925,32
228_V5_NS_A1,1.0107637890082295,0.058101248593043414,24
228_V6_NS_A1,1.5003155521911804,0.06561135310510026,31
228_V7_NS_A1,1.6289890421747382,0.057126885771352866,41
228_V8_NS_A1,1.296614717828571,0.03468144839938733,48
228_V9_NS_A1,3.3533861924204698,0.04242807020759463,100
229_V2_NS_A1,1.6557101220867854,0.11621681566255142,21
229_V2_NS_A2,1.620052031382808,0.1392006608623759,17
229_V5_NS_A1,1.7345260293029996,0.09702677741121922,28
229_V7_NS_A1,3.534918325349375,0.11668772646753951,57
229_V8_NS_A1,0.9006998659676065,0.031947643669944896,41
229_V9_NS_A1,2.1614629928989797,0.04500738343424796,62
230_A1F_NS_A1,0.7543493709328856,0.10469841815389827,14
230_S1_NS_A1,3.0803444962792006,0.03455519608245808,114
230_S2_NS_A1,1.7240036833059225,0.013876466752943139,121
230_V12_NS_A1,2.028721225491064,0.037093696421864886,80
230_V1_NS_2a,1.2794772003932198,0.047781655966327954,36
230_V2_NS_1b,1.6841237165425749,0.04724734599845692,45
230_V2_NS_2a,1.341464971806077,0.07223890098047694,30
230_V4_NS_A1,1.8049024183181952,0.11081615544403761,25
230_V6_NS_A1,2.5952689052415563,0.03413253177405915,95
230_V7_NS_A1,1.984145890888909,0.023516949552131218,110
230_V8_NS_A1,3.8218401905486186,0.08421661686152088,76
230_V9_NS_A1,2.2143775515038873,0.05434554900845307,66
231_S1_NS_A1,2.482691675700796,0.0424282856495804,79
231_V10_NS_A1,3.932536664851397,0.033576138056484205,160
231_V11_NS_A1,2.104914934455274,0.016024956200165055,127
231_V12_NS_A1,1.2820202380534598,0.03403781661059692,54
231_V1_NS_A1,0.04850008124151407,0.08403722916481782,12
231_V3_NS_A1,0.18782349649804733,0.07007872258261957,15
231_V5_NS_A1,0.40047555968171067,0.04276499248477958,26
231_V7_NS_A1,1.0535826555829118,0.035762776948902696,37
231_V8_NS_A1,2.4457380953276755,0.040237081001538146,59
231_V9_NS_A1,1.1115934069857265,0.033229749999697605,43
232_V1_NS_2a,2.9969817847035998,0.09360567117072818,45
232_V3_NS_A1,2.0018659371296694,0.06026759414476216,50
232_V4_NS_A1,1.9368790317808822,0.054094102169374304,52
232_V5_NS_A1,2.107103126578895,0.0667403987896335,45
232_V6_NS_A1,1.0161274882700928,0.031236430230933535,46
232_V7_NS_A1,1.228031378584233,0.02324221823955863,61
232_V8_NS_A1,2.317109984380822,0.03474261855199409,76
233_A2_NS_A2_Extra,3.4114304846931622,0.08484206938943036,62
233_AF3_NS_A1,2.1835600229469514,0.048499645991383976,65
233_V10_NS_A1,2.240590784824977,0.026892304330223535,97
233_V11_NS_A1,0.6481612651062492,0.07137370055113687,18
233_V12_NS_A1,2.3072574011414466,0.05382028387642204,68
233_V2_NS_A2,1.6087316794272315,0.0735588352988254,34
233_V5_NS_A1,1.6798562056759552,0.1294781882960274,22
233_V6_NS_A1,1.6092981332968324,0.1463652558366461,19
233_V7_NS_A1,0.9842474944054004,0.03553535504865713,40
233_V8_NS_A1,2.1475825019827655,0.029171818859609476,67
233_V9_NS_A1,2.5003905209805692,0.052963000441935984,62
234_A1F_NS_A1,1.3311574543744924,0.037696245949609054,41
234_S1_NS_A1,1.7220394016363094,0.12687852538326702,20
234_V10_NS_A1,1.6913470538124533,0.0954886625814376,28
234_V11_NS_A1,1.6383473216675704,0.0893485952742513,32
234_V12_NS_A1,1.4756653354055218,0.131655775789308,17
234_V1_NS_A1,0.3441116552204154,0.05410911666109523,20
234_V3_NS_A1,0.819742060929537,0.07803142922126986,17
234_V5_NS_A1,0.8118116760907133,0.12242616435178787,11
234_V6_NS_A1,1.1775615284229617,0.0670994311578624,24
234_V9_NS_A1,1.5704814062727595,0.07499213478740745,33
235_A1_NS_A1,0.0504631637195526,0.04580189511863244,22
235_A2_NS_A1,1.0252193435410057,0.1629017020764794,12
235_S1_NS_A1,1.709522364775353,0.04394958864046446,52
235_S2_NS_A2,0.802262599841368,0.06277464850339963,22
235_S3_NS_A1,0.5644053396411828,0.01725922856646995,65
235_V10_NS_A1,1.1583416529579191,0.04662491734800903,40
235_V11_NS_A1,0.029579694710781916,0.06276330587607744,16
235_V12_NS_A1,0.07315374257510945,0.04817610990492263,21
235_V3_NS_A1,1.188010782408419,0.06532854145520198,29
235_V5_NS_A1,2.0752164511195184,0.08500300268856846,35
235_V6_NS_A1,0.7191441205499971,0.026756308219067788,45
235_V7_NS_A1,0.7025253954129945,0.03217953347882236,37
235_V8_NS_A2,1.3180345916419332,0.08077876545974305,25
235_V9_NS_A2,4.102734277077317,0.10043889224676193,92
236_A1_NS_A1,0.903674269555962,0.04265646500564621,32
236_A2_NS_B1,3.44844890754361,0.10900911689464453,52
236_A3F_NS_A1,2.506397278973392,0.01452883187116622,145
236_A3_NS_A1,1.3952814110918652,0.025213634939742168,59
236_A4_NS_A1,0.28699906631813077,0.022890689610115953,46
236_V10_NS_A1,1.1081659156552648,0.0746662622662258,26
236_V11_NS_A1,1.8424024726395452,0.027520543941569522,65
236_V12_NS_A1,1.8452819683500183,0.030495593341018826,85
236_V2_NS_A1,1.0575315754225458,0.05950220455667882,25
236_V3_NS_A1,0.8171278051050453,0.09511349112965874,15
236_V5_NS_A1,1.173714871092763,0.046544344901191755,40
236_V6_NS_A1,0.5400528445312388,0.029748547557806492,38
236_V7_NS_A1,1.2001370982441462,0.03898168001373401,40
236_V8_NS_A1,1.8711601017576147,0.021228451207218373,82
236_V9_NS_A1,2.1100909157304915,0.01968109721531265,94
237_S1_NS_A1,0.3106393376540453,0.05154033640066264,21
237_S2_NS_A1,2.5540447215955733,0.04334563017652587,92
237_V10_NS_A1,0.9991447805937854,0.023212834451191943,62
237_V1_NS_A1,2.9085493388359223,0.1455900214695781,30
237_V5_NS_A1,2.020312062497437,0.07670717972728162,38
237_V6_NS_A1,2.3370240344116078,0.05384816927543349,58
237_V7_NS_A1,1.4044410623196082,0.031966762566293716,47
237_V8_NS_A1,0.6432642326270008,0.01994512072906034,58
237_V9_NS_A1,1.3644376037048862,0.058286528629121155,34
238_S1_NS_A1,0.7240072144555408,0.03746348387397449,35
238_S2_NS_A1,0.508667829629107,0.06405906380976004,19
238_V10_NS_A1,1.746109317623037,0.04727486481175653,52
238_V11_NS_A1,0.7117465934546081,0.025266295230296693,48
238_V12_NS_A1,0.6573607142607559,0.04290636112401598,29
238_V1_NS_A1,2.549223977623825,0.05132081434053492,61
238_V3_NS_A1,2.5929660083595203,0.07006256578717285,49
238_V4_NS_A1,2.0452852645283692,0.04254708715918867,60
238_V5_NS_A1,1.2919658576149091,0.04676630349218066,45
238_V6_NS_A1,1.5957162597298828,0.11263429547553423,21
238_V7_NS_A1,0.379172003482682,0.060995962323477225,18
238_V8_NS_A1,0.39652101797615463,0.11323831808032063,10
238_V9_NS_A1,1.2140467056486695,0.02931697093613303,54
239_S1_NS_A1,1.4266511118001377,0.06061715354515938,35
239_S2_NS_A1,3.8430163613047443,0.19626352249782106,44
239_S3_NS_A1,0.33452632563641166,0.030575485302358096,35
239_V10_NS_A1,0.9472601632292081,0.023832220879025014,55
239_V11_NS_A1,0.6813915628481789,0.07102268429593252,19
239_V12_NS_A1,0.9905988767824303,0.01746662430181191,73
239_V1_NS_A1,2.139196563342299,0.0962326377363694,28
239_V3_NS_A1,2.260587775889914,0.10885802693672282,35
239_V5_NS_A1,2.235372829442205,0.08449502430010149,43
239_V6_NS_A1,1.7830138315628177,0.02810792218863663,80
239_V7_NS_A1,1.746387990866126,0.04811119698478661,45
239_V8_NS_A1,1.686593823455191,0.02556437142392822,63
239_V9_NS_A1,0.45252103371242586,0.01575295941869413,70
240_A1F_NS_A1,2.27044301191915,0.04222563213156303,59
240_A2F_NS_A1,1.452420021884134,0.012416050427043843,125
240_A2_NS_A1,1.0930646520113148,0.06453725961361603,28
240_A3_NS_A1,0.617900891322352,0.03516306251370832,35
240_S1_NS_A1,0.3897285655289324,0.07598299485378573,15
240_V10_NS_A1,3.08920398799332,0.04795206180976266,72
240_V2_NS_A1,2.361461347409072,0.15880822179384943,23
240_V3_NS_A1,3.2723489569587607,0.1811746363335877,35
240_V6_NS_A1,1.7229678866975355,0.03494125533941428,57
240_V7_NS_A1,1.8486636647931622,0.028453366902327262,61
240_V8_NS_A1,1.6974058768865246,0.02681363966197,85
240_V9_NS_A1,2.1709769518370945,0.04942451967423074,65
241_A1_NS_A1,0.2846885967477484,0.04133184141477689,26
241_S2_NS_A1,1.132389426086273,0.01971426596340754,75
241_V11_NS_A1,0.29700940832688755,0.019685184606440757,54
241_V2_NS_A1,1.669644079227108,0.05187734541693665,45
241_V5_NS_A1,1.981923729729957,0.046395156125973,61
241_V6_NS_A1,2.2134418471715964,0.029665219243662548,97
241_V7_NS_A1,1.7433837909895187,0.023248535031808813,87
241_V8_NS_A1,0.5274639182206207,0.019836068068562526,57
242_V2_NS_A1,1.989478571802933,0.06755826105192789,43
243_S1_NS_A1,1.2889930441492867,0.02090295393103502,68
243_S2_NS_A1,0.7752639893000104,0.01864397039798081,64
243_S3_NS_A1,0.4939896135800354,0.035993465014973976,32
243_V10_NS_A1,0.5195045612608066,0.03233286505580206,37
243_V11_NS_A1,0.41551938898254426,0.030876364877050075,36
243_V12_NS_A1,0.33570039351298414,0.028588914662519706,38
243_V1_NS_A1,1.1452133212473328,0.06365816012094379,26
243_V3_NS_A1,0.6856921113409605,0.049327162702587884,25
243_V5_NS_A1,0.5939516995275881,0.020485287571965046,55
243_V8_NS_A1,2.286138773361343,0.022866899805259445,97
243_V9_NS_A1,0.7742973447476481,0.012378809014929062,95
244_V3_NS_A1,0.9691530291898031,0.18609269723871938,10
244_V5_NS_A1,0.9593675185371658,0.04313749543663534,34
245_A1_NS_A1,0.7402340874435303,0.032870347044598174,40
245_A2_NS_A1,0.10160904641472095,0.05094188073429826,20
245_A3_NS_A1,0.9574478000953497,0.036929212872011584,37
245_S1_NS_A1,0.9126814206508798,0.017861953093869575,69
245_S2_NS_A1,3.7601988663383503,0.10440134261462941,74
245_S3_NS_A1,3.7808732638935045,0.08433493977562675,69
245_S4_NS_A1,0.34033279829375745,0.024252238444259954,44
245_V10_NS_A1,0.23407373352855623,0.0340592217456251,31
245_V11_NS_A1,0.8435432798904469,0.028733744971354704,43
245_V12_NS_A1,2.341926519229622,0.036913894854104574,79
245_V2_NS_A1,0.01285678221153666,0.12522528780628076,8
245_V4_NS_A1,2.2305342586081793,0.13394417233685835,30
245_V6_NS_A1,0.2768212950102404,0.0427621016426933,25
245_V7_NS_A1,0.2836853165833363,0.03321923138586147,32
245_V8_NS_A1,1.2558396950839394,0.05486953607307938,37
245_V9_NS_A1,2.842489780892553,0.04874835165492355,66
246_S1_NS_A1,0.9377275270568389,0.02715813021418311,52
246_S2_NS_A1,0.5081847551137436,0.0240102772130758,47
246_V10_NS_A1,2.4555697950382482,0.03670135825854697,109
246_V12_NS_A1,1.044154430783241,0.01393148172405954,93
246_V2_NS_A1,0.4875412221696836,0.04402613053692407,26
246_V5_NS_A1,1.9783497831384858,0.048218251234929684,50
246_V6_NS_A1,0.696019056242924,0.04641469088981804,27
246_V7_NS_A1,0.06634777041699326,0.05055419633296441,20
246_V8_NS_A1,0.40921908561009157,0.04352359254568506,26
247_S1_NS_A1,0.6704122928613578,0.02054551579111414,56
247_S3_NS_A1,0.5560760478782951,0.02187496912348108,52
247_V10_NS_A1,1.388692043257355,0.02333717646843792,65
247_V11_NS_A1,0.6866791326303469,0.0393999288708356,32
247_V12_NS_A1,2.164215132707221,0.04486867288077386,71
247_V1_NS_1a,3.4529119656187217,0.1630352999140315,41
247_V2_NS_A1,1.538026530544466,0.05435502233742473,38
247_V3_NS_A1,1.194509133533277,0.04515461874805304,37
247_V5_NS_A1,1.8062821599158265,0.07853307195328063,33
247_V6_NS_A1,0.5851675300311753,0.022703479346760397,51
247_V7_NS_A1,1.2840888807955075,0.029891578700533206,48
247_V8_NS_A1,2.0059583280764253,0.03660553425308692,80
247_V9_NS_A1,1.2109114146110596,0.03483660822533009,52
248_S1_NS_A1,0.31903157973339763,0.039689295651144416,27
248_V2_NS_A1,1.9297324460843666,0.12793389751721576,23
248_V5_NS_A1,0.1934935669973092,0.054818703796596834,19
248_V7_NS_A1,1.3966068020731914,0.04595181088734417,45
249_A1_NS_A1,1.0187911893249195,0.037996064025723635,43
249_V10_NS_A1,2.5585092208219136,0.03260382675261801,114
249_V11_NS_A1,2.051714579057374,0.02691319384761073,102
249_V12_NS_A1,1.6898188084258636,0.018231430850853318,117
249_V2_NS_A1,1.4699923159921873,0.0539795429105583,39
249_V5_NS_A1,3.2583134170075687,0.052706766814653735,119
249_V6_NS_A1,2.8142009081147052,0.03773639200496391,108
249_V7_NS_A1,4.3757052867786435,0.180036475389914,70
249_V9_NS_A1,2.0069617125226076,0.035273218107638005,64
250_A1_NS_A1,1.627949644802361,0.04043185516799715,56
250_A2_NS_A1,0.8086037169487049,0.03706803357383169,39
250_S1_NS_A1,1.417010745009443,0.049195385899031475,37
250_S3_NS_A1,1.4098939714365606,0.047900578295442864,46
250_S4_NS_A1,1.647414648362254,0.03589366855320558,57
250_S5_NS_A1,2.866293597462644,0.037910550601767054,115
250_S6_NS_A1,1.891151182769484,0.039117392458902764,49
250_S7_NS_A1,0.6499816142479362,0.026744936472110518,45
250_V10_NS_A1,1.2498079212401552,0.02198521735794187,72
250_V11_NS_A1,2.778719715624247,0.032581106481170796,88
250_V1_NS_A1,0.6270121328263578,0.028487695031275483,42
250_V2_NS_A1,1.1338973261218575,0.0836951453543214,21
250_V3_NS_A1,2.099636215703599,0.08817297760639146,40
250_V5_NS_A1,3.567604761033447,0.1428319248605807,57
250_V6_NS_A1,1.2671667280178676,0.021648288062429005,66
250_V7_NS_A1,1.9066471369289792,0.025451428552289084,70
250_V9_NS_A1,1.1494325950094497,0.02131862616912902,67
251_V10_NS_A1,5.017713547220515,0.13190253065662788,138
251_V11_NS_A1,4.742339194655676,0.11633804016723472,98
251_V12_NS_A1,2.3226094499245478,0.036682940767211104,63
251_V2_NS_A1,1.25216192295925,0.07014268919640868,24
251_V5_NS_A1,0.886612673284483,0.023757505122970996,53
251_V6_NS_A1,3.0121707417519556,0.06851302039938184,55
251_V7_NS_A1,2.5001210096549085,0.03384279345044913,67
251_V8_NS_A1,3.512670703104676,0.09394470586343799,63
251_V9_NS_A1,1.7937770641377597,0.016489401184770866,99
252_S1_NS_A1,1.4913261016414214,0.06854773045374081,32
252_S2_NS_A1,1.9754894562882217,0.045250057646763445,46
252_S3_NS_A1,0.768393488234199,0.0373867665319642,34
252_V10_NS_A1,1.9766348699138006,0.05236507242338251,55
252_V12_NS_A1,1.6717172413845816,0.03093914037930029,61
252_V2_NS_A1,0.7198464758728992,0.05234441681552582,26
252_V5_NS_A1,1.3251405229732223,0.059837426021793476,36
252_V6_NS_A1,2.314029859666827,0.053443142316533396,65
252_V7_NS_A1,1.4908130853605837,0.07864413880773548,24
252_V8_NS_A1,0.5963120789311146,0.06590865135530748,19
252_V9_NS_A1,2.1381551220552617,0.033467035254743864,65
253_S1_NS_A1,3.10880111252888,0.10625326022191003,44
253_S2_NS_A1,1.6678958166944766,0.05635452293150747,36
253_V12_NS_A1,0.8612674450736919,0.08514216935565559,17
253_V2_NS_A1,2.441713699741309,0.027361202616701087,109
253_V5_NS_A1,1.1623612631745195,0.04207977450829057,37
253_V6_NS_A1,0.728227947855651,0.0688325630159602,19
253_V7_NS_A1,1.9314972713189391,0.042643344637125956,59
253_V8_NS_A1,2.2370101259317225,0.06822145314055651,55
253_V9_NS_A1,2.258209892675212,0.032771675578176646,86
254_A1_NS_A1,0.20418795553409486,0.03141058251975652,33
254_S2_NS_A1,1.711684494947709,0.02531901441656985,74
254_S3_NS_A1,1.1168782816322844,0.06944750794763878,29
254_V10_NS_A1,1.5124313062344705,0.1766727442561818,14
254_V2_NS_A1,1.9820750932046158,0.0908999473660217,28
254_V5_NS_A1,0.34434103615466444,0.06987150529561169,16
254_V6_NS_B1,2.639330440537585,0.20221747149570835,23
254_V7_NS_A1,1.8771163570005545,0.04026032714028046,55
254_V8_NS_A1,1.5703860061016677,0.033275426371547914,59
254_V9_NS_A1,1.46475951648331,0.04173782935267927,49
255_V2_NS_A1,0.050955482657562605,0.14423675006308628,7
255_V5_NS_A1,3.8337736907719617,0.1592976360775604,57
255_V6_NS_A1,3.914906671582052,0.15980070167848903,53
255_V7_NS_A1,1.776598044982783,0.03273746761991913,53
255_V9_NS_A1,1.4869279122702257,0.029894566759768332,63
256_A2F_NS_A1,1.052385866421081,0.052516431971432395,34
256_A3_NS_A1,1.4728829676339976,0.047873053102506266,46
256_A4_NS_A1,1.0276302438632416,0.09200785202369802,20
256_A5_NS_A1,0.9313411153447646,0.028250656109199097,47
256_S1_NS_A1,4.856521504045328,0.05873151343684114,174
256_S2_NS_A1,1.4601661077892094,0.03734256519217419,45
256_S3_NS_A1,0.8909158545834555,0.07568296840469171,20
256_S4_NS_A1,1.1866464855378536,0.0869195686781204,24
256_V10_NS_A1,0.010310931651518975,0.12517517514710785,8
256_V11_NS_A1,1.476987509102716,0.04315619183893971,50
256_V12_NS_A1,1.3603395003789573,0.05324659494255195,41
256_V2_NS_A1,1.5949437897969478,0.07598243460567587,31
256_V5_NS_A1,1.6237324258647081,0.06049044320561362,29
256_V7_NS_A1,0.9640673704688003,0.07386789793697361,24
256_V8_NS_A1,1.120103873979375,0.10271511970588504,18
256_V9_NS_A1,1.786906407946989,0.029516652303470097,62
257_S1_NS_A1,0.962200783668423,0.012125064346746478,102
257_V7_NS_A1,0.9789413542986155,0.030164362716664284,44
257_V8_NS_A1,0.358299158327746,0.07371650805638502,15
258_A1_NS_A1,1.698577256661223,0.12312207319132491,24
258_S1_NS_A1,0.896235628038782,0.0625421416768386,25
258_S2_NS_A1,1.473204122295349,0.08065913418436627,27
258_V10_NS_A1,1.2816517569758965,0.06801977183491269,32
258_V11_NS_A1,1.1624579802627029,0.022738592742912272,64
258_V12_NS_A1,1.9776386443786422,0.042511946145948255,71
258_V5_NS_A1,0.6388460217590866,0.040865043667323166,31
258_V6_NS_A1,0.9432824347383965,0.1492180294820924,12
258_V7_NS_A1,0.9246484183148068,0.08683439180983574,20
258_V8_NS_A1,0.8556621596749588,0.03537234119092918,38
258_V9_NS_A1,0.7020391123922403,0.04382526351350859,29
259_V10_NS_A1,2.2901252793530174,0.032461085358722205,92
259_V11_NS_A1,2.403633621036744,0.033679181593462365,107
259_V1_NS_A1,2.096131972015819,0.1603860371303427,17
259_V2_NS_A1,2.166638679997143,0.09911309970841461,27
259_V5_NS_A1,1.4136570415754295,0.06051836956192097,32
259_V6_NS_A1,2.3235698067415975,0.04033001294616,59
259_V7_NS_A1,1.8291645219828714,0.027992850769236938,68
259_V8_NS_A1,0.8562979939121044,0.031143978345297862,44
259_V9_NS_A1,0.5774895897779003,0.027327582037461398,44
260_S1_NS_A1,0.8719120671121662,0.023183234793380237,55
260_V10_NS_A1,0.32541140415190983,0.02418263548138224,44
260_V11_NS_A1,1.0136242385390961,0.045061617652520286,34
260_V12_NS_A1,0.5247512170747264,0.0393460931139458,30
260_V1_NS_A1,3.196484516170554,0.16101866331902423,35
260_V3_NS_A1,1.7247994722290536,0.05569184463775305,40
260_V5_NS_A1,1.0512116582842812,0.03478470168207812,41
260_V6_NS_A1,1.0869012659172013,0.06369227755821735,26
260_V7_NS_A1,0.4375051339510086,0.04903302496127241,23
260_V8_NS_A1,1.0352762855748148,0.03697543103886879,40
260_V9_NS_A1,0.6033913635673124,0.12239569200455772,10
261_S1_NS_A1,2.277946275792336,0.022142880737678207,90
261_S2_NS_A1,0.7451642564364912,0.028838809788128746,42
261_S3_NS_A1,1.1273241014134787,0.057602889950813536,35
261_S4_NS_A1,1.223657550558202,0.050339523575150646,34
261_S5_NS_A1,1.5509793519112416,0.06254100626157552,38
261_S6_NS_A1,2.265161886092852,0.021528468344064796,92
261_V10_NS_A1,1.9341954703783166,0.13654377683057908,24
261_V11_NS_A1,4.933128181952529,0.12303530095389364,124
261_V12_NS_A1,1.4836000862113998,0.045788202252833775,44
261_V2_NS_A1,1.975865918045059,0.061541535585503675,43
261_V5_NS_A1,1.459392530001082,0.01535115293200733,96
261_V6_NS_A1,2.8094386728403307,0.1754910861829845,28
261_V7_NS_A1,1.5225429511604567,0.016834967186034486,97
261_V8_NS_A1,0.1492135700634295,0.09445412420804232,11
261_V9_NS_A1,1.3541987824532649,0.12761738112079155,17
262_V2_NS_B1,2.919227895346257,0.2085776681664124,26
263_S1_NS_A1,1.5624585978950853,0.07256527684220576,33
263_V10_NS_A1,2.0710965221083515,0.040170421050992285,56
263_V11_NS_A1,0.753300943115165,0.013053158348028653,91
263_V12_NS_A1,2.681297056807647,0.016589562098096623,136
263_V1_NS_A1,1.916825173805514,0.051252216341874345,39
263_V2_NS_A1,1.9361833437411367,0.06166322114785654,42
263_V5_NS_B1,1.4269062623862896,0.03693333152507743,55
263_V6_NS_A1,1.8056884229685009,0.040212448801007536,67
263_V7_NS_A1,4.8227951072277415,0.13846492850903433,101
263_V8_NS_A1,0.6695267800620562,0.020693508974539976,57
263_V9_NS_A1,3.387322818303631,0.09164617190961434,65
264_S1_NS_A1,0.6805193927331853,0.07543978861988493,17
264_S2_NS_A1,1.2751975704072185,0.05921747582941608,32
264_V10_NS_A1,1.6948639308672135,0.07835197342451497,30
264_V11_NS_A1,1.4845643278311582,0.02307282898090372,75
264_V12_NS_A1,1.2083520178188758,0.019512554168177217,79
264_V1_NS_B1,2.809198886033205,0.25623994488832263,23
264_V3_NS_B1,2.220467149902214,0.1666126125367813,21
264_V5_NS_B1,3.140882016947585,0.2318714022282535,27
264_V6_NS_A1,1.222325975766145,0.058269583922353374,28
264_V7_NS_A1,0.8226962710472904,0.05292786635756085,25
264_V8_NS_A1,1.3939863649330264,0.026663300890648202,62
264_V9_NS_A1,1.1653475525411063,0.04333866514484388,40
265_S1_NS_A1,1.673072286638538,0.029049343996558914,71
265_V2_NS_B1,2.5078297878398077,0.14643483883967376,25
265_V4_NS_A1,2.206131094924935,0.07764295661546378,31
265_V5_NS_A1,2.9750089625542255,0.2215289351126242,25
265_V6_NS_A1,3.1313712762406105,0.17246712707571085,35
265_V7_NS_A1,1.8199114369729001,0.04310200257524465,54
265_V8_NS_A1,2.5704618324856745,0.0399939001943326,84
265_V9_NS_A1,3.13816312827198,0.061684802944566006,70
GD5_1,4.245908064469531,0.030682316471005583,217
GD5_10,4.622058711627412,0.046894719815866556,198
GD5_11,4.438162403800389,0.035156005706958794,217
GD5_12,4.528823352529939,0.04553872656432204,189
GD5_2,4.484242992670348,0.0382995883575563,203
GD5_3,4.412065864894728,0.035905197960465284,192
GD5_4,4.787322577718951,0.05343350379775208,204
GD5_5,4.3611236990421895,0.03630709119810645,203
GD5_6,4.487588513225094,0.03666778962505749,223
GD5_7,4.399373068910279,0.032436608879018516,238
GD5_8,4.684985122409104,0.05398206066000863,202
GD5_9,4.486087905218361,0.03866179161269268,198
MSA2002_10A,3.3136811463136158,0.10705157273747574,62
MSA2002_10B,3.34200018023032,0.1296306102131789,56
MSA2002_11A,3.275582119511874,0.09598409459086624,67
MSA2002_11B,3.328285441148714,0.0968100108165244,71
MSA2002_12A,3.3009383748852823,0.10706426073373121,59
MSA2002_12B,3.4022042393504166,0.10390628919540054,69
MSA2002_1A,3.291562560111035,0.10937957124573128,61
MSA2002_1B,3.338562156345797,0.10891077581621847,63
MSA2002_2A,3.4010190731674683,0.08967923670514912,79
MSA2002_2B,3.3360015646344774,0.09384747092177409,72
MSA2002_3A,3.3067085932466824,0.10477930427346671,64
MSA2002_3B,3.240589145025939,0.09906336185743964,65
MSA2002_4A,3.458390612530431,0.12203058671761835,67
MSA2002_4B,3.4159457952671937,0.09599166823037095,76
MSA2002_5A,3.2688729394408145,0.09480042856467659,68
MSA2002_5B,3.330578819570336,0.10277379906143677,68
MSA2002_6A,3.2869514125228743,0.11726177195736412,59
MSA2002_6B,3.2406016990784967,0.09581182410578662,66
MSA2002_7A,3.293502208036393,0.08802150262500014,74
MSA2002_7B,3.2823068284093524,0.09400901174899055,68
MSA2002_8A,3.0316989999863,0.07508651596016006,58
MSA2002_8B,3.1926168541451325,0.09394179615068382,57
MSA2002_9A,3.3062620309896666,0.09434371680280464,70
MSA2002_9B,3.40549993777152,0.08190518859803243,84
