SampleID,genus_shannon,genus_evenness,genus_richness,species_shannon,species_evenness,species_richness
101_S1,2.643139818020885,0.0189064365646914,262,2.8088727853517987,0.006940847655485184,617
101_V3,2.1096963200094683,0.016938073462609952,198,2.262752031448843,0.007418227717025868,473
101_V5,2.746375429346136,0.020760645902417055,267,2.860439243473417,0.00753010638101791,619
102_V1,2.418360860567188,0.023814808056602802,176,2.7450932244663133,0.012173509441741278,338
102_V3,1.8793834482280394,0.019470315212222505,137,3.176577423108294,0.025663148026777514,266
102_V5,1.227719199474266,0.0071021503413748405,215,2.0382514661419138,0.004528420854876245,486
103_S1,1.446138028777023,0.004342603089713946,365,3.1714518394458713,0.00783281600943437,602
103_V10,2.5099619135561984,0.008314798694611351,428,3.7896535093990087,0.011035084069620853,729
103_V3,2.370704092379016,0.02019080820270034,195,2.836491516472906,0.009027482074125891,426
103_V9,2.6821108159725586,0.012254085524981277,369,3.8193494386986293,0.013008378204775572,623
104_V2,1.6537954321376434,0.01239119739383625,202,2.536480383670417,0.009944188132175425,382
105_V4,0.9324083826943621,0.009286422933449823,157,2.1256747516754224,0.008418546617179732,334
105_V6,1.9942367242886545,0.00952208458772901,286,1.9623955829786623,0.0049693983498714425,529
105_V7,0.8016302435746633,0.004460640353490628,286,2.393990020873441,0.0057019077312608114,489
106_A1,0.4326283353127484,0.00563266541434933,198,0.749759111290251,0.0037113879057735196,330
106_AF1,1.557854621438352,0.007299727640740764,251,2.9804912228436837,0.012496362332320831,418
106_S_1,0.9218206543859481,0.005323572600324967,249,2.094065621264238,0.0068695740924459,401
106_V2,2.1008115586179184,0.012458585167431984,174,4.4273606320588765,0.0351496804578642,329
106_V6,1.9589641864586091,0.021237472350952934,141,2.0701253545940443,0.009922288231995324,296
106_V7,1.0821515116472717,0.005899892446467864,237,1.846490395188278,0.005590026429971621,409
107_A1,3.0519061100149716,0.018576346749761004,240,3.4934623897410693,0.009622807628417909,422
107_S1,2.415216804452881,0.02136175273858284,171,2.5495878527465377,0.012954541068112037,280
107_S2,3.6094141291903807,0.031582532855290966,232,4.380616155244301,0.019489308146366777,415
107_S3,2.9931480756567597,0.018610753657123186,235,3.411645900967939,0.010165021643311104,386
107_V2,0.8404114260555411,0.012249014795377065,108,1.014507473201195,0.005984050852474367,229
107_V3,2.355256146299648,0.023324043375851273,131,2.794176668418689,0.010589076046163035,267
107_V6,1.987888934505664,0.01185239463877289,195,2.1722415174429424,0.007347450404282268,335
107_V7,1.4442581585473981,0.009946452584430693,196,1.710778203284574,0.004781805290636005,383
107_V8,3.398207608839231,0.022984689148717884,276,4.18246101267435,0.016073662150313056,470
107_V9,3.6046804245651916,0.02349232848483658,303,4.075919224816598,0.013753807496001365,536
108_A1,1.2427940293006805,0.005263164661836167,291,3.3128418112961997,0.01268729842083878,528
108_A1F,1.1704034265133316,0.0050313869346717745,291,3.104518743366442,0.011063688525464686,499
108_A2,1.5431956087922294,0.004682238465651454,365,3.186788035396277,0.005829748314912962,659
108_A3F,1.757944961775851,0.00543659157909104,345,3.5179983667172228,0.00990092461211565,623
108_A4,1.712305494787816,0.008070649973892502,241,3.51684417953933,0.015651636543442555,376
108_A5,1.1855547219954228,0.004204627235161901,332,3.173230592083067,0.007857775768661807,592
108_S1,3.3380976378322345,0.021322450744214638,297,4.4400859554597325,0.022299398507238225,575
108_S2,3.17774733135863,0.02483987518067028,253,4.281247214069753,0.02595291864909526,465
108_S3,1.403413135935618,0.004635303361564173,364,1.7631982347860664,0.0028480536836254476,631
108_S4,1.1045479246989927,0.0073314295227309475,201,1.3007284178745955,0.0039060216676493555,390
108_S4F_1,0.9198616295763634,0.00472720185148937,269,1.9110917229681421,0.004616029129231368,506
108_S4F_2,1.369669373584337,0.0050191581600651505,301,2.301743313154554,0.004983928963196041,580
108_S5,0.8132908764126004,0.004543247650046285,274,2.598507069645305,0.006552859005270778,484
108_S5F,1.8369300154276624,0.007028981829342021,325,3.068277353100802,0.007555891413565524,621
108_S6,1.6359596192508286,0.005683101583892841,344,2.773998747923039,0.005511380065694112,644
108_S6F,1.5716027164748612,0.008285286452324559,235,3.4941018200860268,0.016243459156220368,439
108_S7,1.1621845506982826,0.006669071986573366,220,3.1972573768173556,0.015193466172819166,398
108_S7F,1.2402028530101163,0.004897672172232295,287,3.4311156703263688,0.011071608015069475,524
108_V10,1.1962516623702681,0.004580248075187095,323,3.0411541869730514,0.008325557233848493,573
108_V11,0.78459113481794,0.004553676508884502,271,2.9767097879659956,0.010387767708897972,451
108_V12,1.2696759581662413,0.003798166898633443,368,3.5004467899558325,0.008829249572883556,682
108_V2,0.25584214704520647,0.011406283790115409,93,0.47681691248239655,0.0062608855642391536,178
108_V3,2.5276835892613327,0.018230608772260695,263,3.1593683737102065,0.01014744324390156,581
108_V4,2.3496576589167146,0.013860618849362473,259,2.8146061451709956,0.00614073882968877,649
108_V5,2.583715793753275,0.015962246424656483,273,3.093030367584052,0.007283612064183684,687
108_V6,1.7400731383350385,0.009116809566685395,194,2.3732800696079073,0.006961101991079958,386
108_V7,2.70075284171139,0.01626085763362803,253,3.3622839046705875,0.013842356676731074,504
108_V8,2.7826051242661087,0.01334377230207492,347,3.9398829456039173,0.01296323503089319,599
108_V9,0.932257280538982,0.004170358563453906,317,1.2897438362706188,0.002464208012153427,575
109_S1,2.7917564866217592,0.017923629970203983,296,3.3776301741312187,0.009681266086617419,591
109_S4F,1.956619837466805,0.006517562822575022,345,3.1927571644995223,0.007318695480856029,619
109_S5,2.8123762623517625,0.009161585910113998,474,4.061619299728197,0.009825974938271876,904
109_V1,0.6605291199161072,0.013798761281205062,89,1.1191456305314786,0.007200110871558177,193
109_V3,1.6491397626550806,0.011436930852652539,174,2.7265090815649735,0.007007632462540288,424
109_V5,2.1730072363678716,0.010743343905052162,283,3.004216986326058,0.007007433745877459,585
109_V6,1.4088714812570142,0.004386489395029688,356,2.4592491637828107,0.003624835780444781,692
110_V10,1.7113802232881823,0.008392991403164948,263,3.070771503839084,0.009297813652756122,462
110_V11,1.189690119944614,0.004702757606917048,316,2.700252077870712,0.006747833340683868,528
110_V12,1.0174095942463095,0.005192720409948109,270,2.563737287871848,0.007280554171183419,475
110_V7,2.33207747988934,0.025693302445200655,160,2.999776401569375,0.015447477722763872,329
110_V8,1.7025595339796233,0.01003804934419938,251,3.0881964735762777,0.012414226961258108,443
110_V9,1.9526094064233048,0.010006393913202394,250,3.182152565909468,0.010510693689496172,462
111_V2,0.3109491863705413,0.013143324449402574,83,0.48479457806526444,0.005541183636353001,203
112_A1,1.4338629254590862,0.004449877638685068,394,2.745045725727936,0.004640773832226094,710
112_A2,2.3434440049551153,0.005952706786809052,513,4.021212227361014,0.0076656833026248015,969
112_A2F,1.8375581062622546,0.004061565919367388,490,3.7362849634774187,0.006629092890416172,898
112_S_1,0.47652604468481174,0.008066135482722343,138,0.9444027762089858,0.004829545919579331,281
112_V10,2.6379395936119434,0.007662150968979187,514,4.241395713832528,0.009821933369523377,1000
112_V11,2.781856613036671,0.00810125821122374,532,4.181755165495319,0.008965613703922841,1036
112_V12,2.7546885175166227,0.005866124676008395,577,4.271706993528505,0.007220181258099546,1129
112_V3,1.5539697547253721,0.006587505515297507,248,1.8053244711559284,0.002733535889341734,594
112_V6,0.9786458708709157,0.020516815608562045,86,1.3120982372122203,0.010140618016474692,190
112_V7,0.9994774963129989,0.007425094810876007,220,1.4579396963632132,0.004742725351566448,435
112_V8,1.9114263312235877,0.007382871439264187,342,3.1206158723732718,0.007064565966523402,755
112_V9,2.468745464801027,0.008629968365732765,433,3.667127669979707,0.007824599582835172,798
113_V6,0.8248894028140114,0.0077036775538777465,168,1.7146016518854479,0.007202819861797284,290
113_V8,1.1231267403529603,0.004248002812380634,346,2.569391977657533,0.0034367881849579037,797
114_V6,2.0773759937005796,0.013813209335920191,202,2.2952693851661747,0.005176822297995951,535
114_V7,1.6092022216429438,0.010075962462704919,199,1.7672134856204347,0.005155653453685422,410
114_V8,1.651901891368628,0.007066833493213648,279,2.8208034148697156,0.007011131997643452,525
115_S1,2.113696846934303,0.006701468807222882,380,3.4634912846060586,0.00744060902433932,751
116_V1,1.9839710835243258,0.02781795246283388,116,2.945851187726788,0.02359788542235259,208
116_V3,1.9100707087222581,0.043736831581409695,76,2.263400873968134,0.0163459158042587,195
116_V5,0.733212630996359,0.008619509806895406,156,0.7327903216780011,0.00439640812396766,300
116_V7,2.363016764671621,0.020034178981190618,207,2.782021230639305,0.010871427246188595,384
116_V8,2.1757303125278487,0.01544686498876403,213,3.3138278473901077,0.01770632960134509,366
117_S1,1.451506019303139,0.007571123879607413,230,1.7818374191693058,0.0045698125101575685,439
117_S3,1.7553790652246584,0.004191507118404067,421,3.281122555874142,0.005284917256512336,846
117_V1,1.5354793165559604,0.02506177124204564,101,2.546707636583257,0.021457990346226974,167
117_V10,1.2583394698612216,0.004965574828820332,305,2.6941240206265373,0.0058105529039894225,571
117_V11,1.7154021039871503,0.003917049942124834,465,3.394624221191643,0.005146785521129068,930
117_V3,1.7752238650046797,0.014803834972757387,173,3.1470400748730842,0.017064179347334847,298
117_V6,2.1035402871316773,0.017555120445016812,176,3.2690534002581213,0.020618256928822694,324
117_V7,1.0238557080526463,0.008970646937371903,174,0.9974222479988796,0.003989291143632735,374
117_V8,1.4147468873119546,0.004826678205383655,309,1.6529430008934856,0.0025616244187048475,615
117_V9,1.6134385549839994,0.0037994398302759248,443,3.3162278931444136,0.0064435148348662916,856
118_S1,1.101084852397715,0.003670018890956477,364,2.334843386516863,0.00345585076850673,683
118_S1F,0.8581327685789006,0.003323840446690178,372,1.8923197590780492,0.0026685668696254283,690
118_S3,2.42124802879637,0.005260944179375153,448,4.152954457274817,0.008210244808662878,861
118_S4,2.650584665317208,0.008626896269957473,373,4.41232454339731,0.015293793967476215,688
118_V10,3.1116831771381435,0.011322840479098043,390,4.288215719558136,0.012280198182121914,750
118_V11,1.0435970682505815,0.0032472830596743086,399,2.2442339419825985,0.0024914887327880317,780
118_V3,2.0210570980744533,0.014628875996908533,200,2.8820661177555076,0.008637602654926293,455
118_V6,1.415953284369645,0.006075565165109629,297,2.1491650427360813,0.004064947076827872,559
118_V7,1.2748445826003543,0.004503611178756138,372,2.2823560382494152,0.0031416292275336594,717
118_V8,1.1775611415538607,0.00402343783284131,336,2.292273398786118,0.0034590451953916065,631
119_V1,2.5674684654351507,0.015398907695455558,222,3.4009894879251488,0.007280597086262586,509
119_V12,2.29931954344916,0.004309645841761044,515,4.058116660141127,0.007913235352250513,989
119_V8,0.7348823912056647,0.004358368979202776,278,2.5785870085602505,0.0063410236387938,596
120_V2,0.41927426123475453,0.009813241206530245,114,0.4828061171212923,0.004800432416508018,232
121_V1,1.5191155052434493,0.020358886800313905,114,1.8820520017156495,0.00912164728500013,249
121_V10,3.322972157473833,0.016142872839912444,340,4.702648757666157,0.02042181282731766,610
121_V2,1.0885576038380769,0.01434775477483734,136,1.979780179876775,0.011294778373334884,264
121_V5,1.0824033845911885,0.012440575685725392,130,2.159043503744905,0.013786309567101543,232
121_V6,0.7137503504364218,0.007828146126714104,164,1.1072958143321778,0.0046611896171253045,299
121_V7,1.7251865235349237,0.022296329466923396,110,1.8784956467062308,0.011175134042927727,223
121_V9,2.727427448047465,0.007492455344642423,411,4.354142978391442,0.014382589106488026,765
122_V1,1.072553704755171,0.028235630771717184,69,1.7103153506588262,0.01947491791732402,136
122_V3,1.0346630031617896,0.02389193753125787,79,1.229684026936039,0.013501213515679424,146
123_S2,1.1588103568480832,0.008797683372140479,170,1.3339717946493577,0.004666042314083993,329
123_S2F,1.2829537314013724,0.008784327138939924,172,1.5192035289527777,0.00481927538200032,331
123_S2F2,2.0013525493694484,0.01188085372584313,206,2.2475941308057017,0.006198765421541588,412
123_S3,1.291726618717328,0.005324997375218101,297,2.6268583477077043,0.007695787777382386,517
123_S4,1.5230533906116888,0.003500857739503847,436,3.7687161199390538,0.010532269254864862,796
123_S4F,0.8575030749992936,0.003367463654141426,362,3.1789042585643004,0.009574029325847529,640
123_V1,1.7846846045010778,0.01006198128832183,257,2.0751328425042073,0.004648589349987368,576
123_V10,0.7917540745585986,0.003475530282939063,343,2.7308403775403685,0.006381232051115407,646
123_V11,0.8647797178923715,0.0036702770349843756,333,3.0229916613299617,0.007886751369631838,569
123_V2,2.5950690689894054,0.027072968725484696,175,2.739806334215254,0.01101545870267211,396
123_V3_1,2.573559500184821,0.02768633015614351,173,2.6482198951666773,0.011949513734464895,379
123_V3_2,2.0183145632662907,0.019793469970822954,155,2.1088385341774742,0.009655381704631115,320
123_V4,2.514511268586604,0.01868761198023576,206,2.621236552931829,0.009324704548397266,404
123_V5,2.5452734493935725,0.015609748229840778,272,2.6037534686080885,0.00704453964894784,581
123_V6,0.9176088136055423,0.008869072407884135,147,1.1649036956961032,0.005369135672325096,260
123_V7,1.300487769851389,0.010319412592454228,156,1.5143404628856776,0.005518424869697181,309
123_V8,1.2577241956740308,0.00618047284438632,265,2.5101692706749636,0.00822051252195876,457
123_V9,0.8308080967651328,0.003961943434550253,310,2.460193625136071,0.006470529665792731,577
125_V11,1.487789085382275,0.006993172507769269,290,2.7029909329098807,0.008713370007273607,548
125_V2,1.674139653688894,0.016621066594907957,149,2.0901584980929035,0.005682586450250909,377
125_V7,0.8470492565681464,0.013542742617880564,105,2.005682956293212,0.014065614875356144,229
126_V6,1.2786074556397569,0.008982275856155719,232,1.8697579805580367,0.006792149034019227,381
126_V7,1.7409162838368777,0.010306530597029523,232,2.7989591481457885,0.0094121848392247,444
127_S1,1.7666230176966715,0.01656641009825853,174,2.4632841954972475,0.009432990886712976,370
127_S4,2.0314676038227915,0.011435851954130187,246,2.6778016451397137,0.008296446593078452,498
127_S4F,1.1854551498421717,0.012333492961570276,169,1.8899904823487024,0.007173051300367961,395
127_V1,1.5113577317622637,0.01864957524221421,127,1.5573179722192438,0.008153130259324843,282
127_V10,2.933571778966393,0.016527760993832796,351,3.3858997225721192,0.007564525385249573,801
127_V6,0.6179509098485038,0.018631115967558863,66,2.3388591415302633,0.021989638243255127,139
127_V7,2.2027621031702704,0.01241289429051934,260,2.8139277469157555,0.008600587056099644,527
127_V9,2.42670626988883,0.013543373014790633,287,3.089914044293991,0.0068707599997432315,703
128_A1,2.7745354128715363,0.015371430045515479,293,3.839939630569196,0.016710276960541372,507
128_A2,2.110238213455686,0.011798997406762879,254,3.5608742943171756,0.01655509894751866,423
128_S1,1.6307665292804825,0.010185640528665494,204,2.4745972694272456,0.009055064626048975,361
128_S2,1.7630586132646642,0.007369431531134078,284,2.8550482487723534,0.007792771186849394,509
128_V2,1.1988924329462995,0.01831442202149167,98,1.817162912393142,0.012386729610496798,180
128_V7,1.801934941117769,0.009075806447044756,263,2.9729985145959725,0.009641150934217805,453
128_V8,2.033440386327779,0.008116396276493566,306,3.82372613246397,0.01517338073147031,515
129_V5,2.1309452607776476,0.0146991351975888,212,4.127682264426945,0.016445529627837647,522
129_V6,1.2456133796876878,0.011702374732246548,170,1.881819359157823,0.006862508551056255,386
129_V7,1.7885678004626862,0.011416495136730376,213,2.7239918252172277,0.012453338044661678,421
129_V8,2.3765145836241546,0.012245412561996452,228,2.605538489361232,0.005657798240688237,420
129_V9,1.472378926070583,0.005795809184592083,283,1.9856081663781293,0.003872976233617031,502
130_S1,1.7399276465818057,0.021288601798731783,123,2.586780179944533,0.020190275162304015,233
130_V1,1.4224875941551558,0.019822380173296666,100,1.4931629483500504,0.009063418892888279,219
130_V10,2.449614475189606,0.008608372383271853,319,3.354132328271102,0.007784230497684904,599
130_V11,1.6218377636985224,0.0047984175096108875,351,2.814043459561961,0.00495977059127158,672
130_V12,1.336666935968256,0.004210798284563242,349,3.1585522015373106,0.0066912499732846905,635
130_V2,0.42811361247655405,0.024506755370008352,48,0.9801436479976677,0.012692926682131945,115
130_V5,1.5219904193009621,0.021738956394830155,111,2.076338200797458,0.014597456338129856,221
130_V6,0.9821138325155312,0.014819533683562487,124,1.0543997366126678,0.007081021113241456,257
130_V7,1.4203512286892777,0.010188738172164636,204,1.9390777208076917,0.006531435651572274,393
130_V8,2.300444324297872,0.01169824977255545,315,3.23939544241512,0.008988729014560274,675
130_V9,2.0824247393088897,0.008600908362380451,267,3.7358618175362137,0.012397617076234692,500
131_A1,3.449277916126792,0.031942237143279026,230,4.09226661361145,0.019488877313460322,462
131_A1F,3.453149148113377,0.030031968392653912,246,4.172784579261653,0.017984570258081384,500
131_S1,1.697567063737151,0.007129006447924147,254,1.757403760636024,0.0035281290133307823,506
131_S2,3.8159772627262343,0.02853575171984715,302,4.742272336020135,0.023600838370756733,582
131_V3,1.6324452710255173,0.007940983052717282,239,1.8190412270644394,0.0033898709535169136,549
131_V5,1.9350621571663817,0.012577175081492066,194,2.103882285153442,0.006258329746974083,381
131_V6,1.998646192635036,0.010884989385811976,239,2.042881768914295,0.005400388002828419,489
132_S1,2.074244745605801,0.010357268530436625,323,3.5312515978018957,0.011184180311352532,687
132_V1,0.8425905222317035,0.022847236611842722,69,1.059257975269209,0.010418868378255532,157
132_V2,1.1823362254754652,0.01987247764144871,99,1.27073060328285,0.008003340955444874,244
132_V4,1.6381679485033283,0.020739522057002704,124,2.5532226281372745,0.014680700332500855,243
132_V5,1.2651970249041466,0.011405741135307526,183,1.3488940909116642,0.005613736288651128,374
133_V2,1.6225770398362056,0.027839766388721286,86,2.1715140534894624,0.01033740343605682,229
133_V3,0.6707017519736117,0.007241864737868521,174,0.7070497110098484,0.003013892332355561,416
133_V7,2.8136826200864347,0.014977404727598944,344,3.238831278951202,0.007627692175668297,673
134_V10,1.7646504303723725,0.005146989129090089,346,3.376364329427965,0.007182939475346121,629
134_V12,0.7427206209112568,0.0037016989105329258,324,2.2050707682584254,0.0037410550299321124,581
134_V2,1.257175154198791,0.01956896060768512,109,1.698248267490391,0.01236828233109204,198
134_V3,1.332106001557366,0.012215845394476631,175,1.8554796625045928,0.009169316012587393,286
134_V5,1.3913764714669172,0.008749614297175681,221,2.1944783954784017,0.0065775184908279105,428
134_V6,1.1756461728155847,0.008170132290744559,190,1.824115149967551,0.0054849314651393855,360
134_V7,1.6174760499635779,0.008703977014206459,226,2.255012713889136,0.005797177650468657,438
134_V8,1.5765879077509994,0.010010156019313885,234,2.8830691769791517,0.011011750783406708,466
134_V9,1.6504169639526578,0.008772587576730103,239,2.5823680791856622,0.0058128517464586076,479
135_S1,1.8691408243651892,0.009045060126722784,236,2.6182847415609727,0.006402165419683138,429
135_V2,1.209017559756928,0.02310977918967982,75,1.6713407996050103,0.012815797970019277,165
135_V5,2.099714014467538,0.015459159808811112,209,2.5180200708251883,0.008856717324525467,394
135_V6,2.4257373216283895,0.01286197432839392,307,2.7456769949695627,0.006914631234743209,605
135_V7,1.2852977363054572,0.0062672331317913405,260,1.8421055589949507,0.0042662904907344035,465
136_V10,0.7351402983340176,0.003737974972028797,323,2.7948891188942877,0.006366514737301772,577
136_V11,1.6672568286760396,0.004367494404215964,409,3.221410972974562,0.0045569377352788504,840
136_V12,1.640978532851202,0.004923368709653916,448,3.3964444418586845,0.006468827485928967,805
136_V2_1,1.3848815475823169,0.014612345079485863,115,1.566276483513697,0.006573872840209024,246
136_V2_2,0.5807522415973778,0.01045311164612833,112,0.621094517749015,0.005552451370151379,211
136_V4,2.7826704607307207,0.014495345645272302,322,3.733013704518309,0.013432555614582382,645
136_V5,3.280101358721154,0.029850555096743732,244,3.5237897092000674,0.01483040593520577,491
136_V6,1.6375048727719794,0.007546984972805846,244,1.8687100767471396,0.004149495543752453,479
136_V7,2.2208756137335857,0.010737618687714136,303,2.7031260997084567,0.007351633852502308,587
136_V8,1.6571082807592603,0.007441918755651939,281,3.042735100427553,0.01082815998472901,526
136_V9,1.3401399521141535,0.004840871503891128,342,2.8881526018839243,0.005991658225861573,632
201_A1,1.6916256038504023,0.0056087013969986,371,3.1791040039887073,0.00832870963628971,666
201_A1_2,1.4551134052719445,0.005598145287699344,334,2.936818299293302,0.007267104518174987,611
201_AF1,1.4429494606650624,0.007261099409933751,271,2.9788924354629644,0.010879396805289881,459
201_S1,1.0290094191497337,0.003923539398313942,345,2.7179081002810737,0.006506413118321557,621
201_S3,2.095701948982723,0.004753748370188973,441,3.677199573379723,0.0062230758061306134,822
201_S4,2.2678843761674266,0.007627995655990403,372,3.628663376838286,0.007597792897084394,701
201_S4F,1.8221021478475354,0.0057404458522166205,358,3.3563570186052303,0.008013522084150442,640
201_V2,1.2848125055159718,0.012044618705659035,164,2.203627359245262,0.011986070256904001,301
201_V4,1.5981841019339933,0.01166143659338284,188,2.2187201435388877,0.008323900678252177,344
201_V5,1.3841861299975875,0.014665505013595771,139,2.697020629552341,0.017426586991306368,248
201_V6,2.2663016850998954,0.014296868028647497,260,3.388790164142083,0.011978607301050386,526
202_A1,1.7628521559094008,0.00591922237830739,344,2.594489167573197,0.003654358441827737,699
202_S1,1.8792964183534526,0.005882782861519138,337,3.1771321150797567,0.0060510253435835624,644
202_V2,1.2843988705618123,0.01938799356306625,110,1.7242619052546004,0.010320602628244252,235
202_V6,1.1819201840995888,0.006938060784649409,227,2.5599221739264504,0.007558995986415034,414
202_V7,1.4922794754005468,0.00496405343384156,334,2.618840564191671,0.003876001189042709,606
202_V9,3.039446829552936,0.021428570171568212,263,3.4945593996258775,0.010365124204064963,607
203_S1,2.277918700764047,0.03515523134217268,108,2.614044592332441,0.015082264725734802,268
203_S3,0.8683467754479222,0.005832172574166946,214,1.4234510008892778,0.0036334785577336907,408
203_V1,1.3541714673849394,0.034163138004635774,59,2.0556416244539837,0.01515355811955586,163
203_V3,1.876211934386805,0.03383687330122469,94,1.9274060761737353,0.012354784950150808,215
203_V5,2.199147726020737,0.019515119282573413,171,2.1114758430803935,0.00801917214349677,380
203_V7,0.9120552759830556,0.00671188157512333,190,1.4474516477427861,0.004375535068727411,346
203_V8,0.9306189115315537,0.005603677743684405,228,1.4826224216781676,0.0036205931374028617,420
204_A2F_1,1.2224633111540777,0.003515170908575969,395,3.201646438486012,0.006300795472800213,693
204_A2F_2,1.5696622772891689,0.003876326055426503,399,3.7254054580247367,0.008306054297058297,742
204_S2,1.1779341774180851,0.003590374381637769,393,3.120093844795337,0.006281400874243063,707
204_V10,0.5802032433063902,0.003422035414594001,333,2.7386566190584154,0.007250947873740917,565
204_V11,0.7550487263866991,0.0029845439168072127,396,3.156332900711265,0.008859665440459187,669
204_V12,1.8377634934975913,0.003825308343820254,495,3.7123281838532063,0.007314352070022732,930
204_V2,1.7782369462518053,0.02061837697292493,131,2.9589398588532543,0.020559425347748975,246
204_V4,0.9604534480859496,0.008663090768793388,170,2.3289872280799977,0.010104822107279584,311
204_V5,0.5687360042445258,0.007657043016523292,152,1.7934495342065127,0.008528633123725395,262
204_V6,0.7188262577188008,0.00522941589181878,230,2.292255775664161,0.006354735292623738,405
204_V7,0.9121380499158999,0.004203567637389731,305,2.4660888720389433,0.005577880860908731,543
204_V8,1.8107427060428951,0.0044291009801805704,389,3.813369669879435,0.010244174580846612,731
205_A1,1.1349575832814554,0.004315157620188215,342,2.3837954956495873,0.0050864629678470195,614
205_A1F,2.3680742537272983,0.006581921081331472,420,3.4684685809235067,0.008199116520438757,759
205_S2,2.102989921128443,0.00501976181458283,477,3.5240600170972614,0.0073649416128194105,897
205_V10,1.03419090085724,0.004235105765610355,333,2.1534002570436073,0.005545133791169074,546
205_V12,1.4692990554614376,0.0036479001757211303,461,2.9805055466530535,0.005339702058634602,860
205_V2,1.0659647477024115,0.019749359019834573,87,1.1714800314828422,0.009097225676004022,194
205_V5,0.9197816281960618,0.014411114219152787,101,0.9767411759705412,0.008263109647094062,176
205_V6,1.563473376479033,0.022051910924090878,109,1.6561615645197998,0.012253769616444246,196
205_V8,0.9380989985939236,0.012854449985965641,109,1.2867200213686356,0.009312529754209556,161
205_V9,0.41920664307134603,0.004159779366548128,265,1.51568272061637,0.004734341128465657,452
206_V1,1.1682987984084838,0.007317881473846895,218,2.6070684143628,0.008296729125338563,391
206_V11,1.7751488794759953,0.004597145258197955,398,3.3426390059354087,0.005457803225010028,737
206_V5,1.9630096649458926,0.008338389469427908,323,3.3404084602778377,0.009361181017594752,595
206_V6,2.1686181506017843,0.010869078064334922,291,3.278071559577859,0.010059300339681764,547
206_V8,1.7218022707125193,0.007804336595027867,268,2.390535950374732,0.005421052089188947,510
208_V10,2.9176893291867123,0.009609975648363838,492,4.125328342044415,0.011706079215344665,1004
208_V2,0.8955914494935161,0.012013057296528101,126,1.1566591751468418,0.006729714709144383,238
208_V4,2.507719317602678,0.01573022953431909,242,2.7204879298856244,0.00759484112142822,521
208_V5,3.117669722203364,0.024238578612612756,248,4.063908107424852,0.012941989552038409,569
208_V6,2.4984145539323523,0.010525922287299183,281,2.4584049928151432,0.004706054369096841,557
208_V7,2.441865483469932,0.007816380285360134,364,3.9516933212294076,0.009187815298836456,685
208_V8,2.3364386744297985,0.00861849038259517,390,3.5178420344059433,0.00796919513818123,777
208_V9,2.071939510367657,0.004012692939648765,510,4.0015894901004785,0.006536090197114731,1035
209_V10,1.392136245841271,0.004680221547057958,321,1.9755738330338972,0.0031698825670352683,580
209_V11,1.7588206620541735,0.006858197639615897,306,2.2008538489092095,0.004510666895721012,567
209_V2,1.1310085134885601,0.023289606232623498,85,1.486547600167657,0.01533722096866578,147
209_V4,0.9975755146907183,0.014218309118725,110,1.4647754072398829,0.009120894244030795,204
209_V5,1.1173968508875334,0.01587769852321577,108,1.558328066947416,0.01024587488660524,199
209_V6,1.2425008771328938,0.0149828599738997,113,1.7031873195729987,0.008460824507718883,240
209_V7,1.2953024110896867,0.013518598311264663,142,1.6829279212364074,0.008515754904041531,263
209_V9,1.2906192919737547,0.00565482225604653,275,1.8152460696791728,0.003731150879869953,503
210_V2,1.18621564401435,0.0170728777419591,110,1.243897023064569,0.007936571113632268,235
210_V9,0.623607938843362,0.004283885123842039,275,0.8707766661925105,0.0026075431584108738,471
211_S1,2.0698395111389836,0.006517717895658429,343,3.3741928844426394,0.008252997013606113,586
211_V10,1.8002461060924857,0.009073444644615472,281,2.912572951866048,0.008619924943966824,513
211_V12,1.4303696506977406,0.004083364300528078,383,3.066753333678408,0.005750145656724464,675
211_V5,2.3018252696110264,0.024027390488193617,128,2.5024771764155957,0.011464038802219497,287
211_V6,1.4397826780221246,0.014286245044818213,162,1.5119029235988295,0.0071683287548781035,327
211_V7,1.4989399245461479,0.011165956480453057,200,2.1821551264965553,0.009164589704577225,407
211_V9,2.429980708729447,0.013173739874286381,256,3.1663989542410347,0.009161597119435597,467
212_S1,1.9341367604710589,0.010530239719388556,243,2.877893831343982,0.011969125893591087,420
212_V2,0.6709732056669643,0.01101441419533793,108,2.540817278271769,0.014481829519765448,218
212_V5,0.9753952409791837,0.01200966241900842,124,1.8426332250225417,0.0075041351239675,255
212_V6,0.8938706145830067,0.008656773385777852,153,1.6279878686634817,0.0065766893917976405,271
212_V7,1.866011377259537,0.012018841512707127,215,2.815523398839746,0.011374468174801899,392
212_V8,1.8244367770413288,0.004805639501135437,416,2.1459421815590334,0.001886278148648124,986
212_V9,0.9175706170142605,0.006125941817683016,223,2.0345107387039705,0.007141715610228534,390
213_V1,1.7320396709815102,0.006857702292053205,318,2.5308342508274007,0.003787070727962177,665
213_V2,1.838624407676554,0.010569580662928152,253,3.2437906542213355,0.01247723581241783,442
213_V5,1.9259731267993452,0.006812358166626628,346,3.601622428614114,0.010758590119162005,650
214_S3F,2.345932507091095,0.008401918134969674,360,3.778034663792771,0.01023020427078193,654
214_S4,1.9263016876127437,0.006276083017115024,388,3.3802011762139736,0.008791094554868779,684
214_V1,1.0528833939471476,0.03971722356619311,48,1.6358248574014382,0.025214169571442464,104
214_V11,2.113849399116531,0.004617315348331885,504,3.3659908010061894,0.004618675115968345,971
214_V2,1.4629877304363832,0.03593219742693811,64,1.8355841699722992,0.018436424444468615,141
214_V3,1.6841372958846874,0.020458373191306313,127,2.8659705476603126,0.02166528951958522,244
214_V5,1.0145958613846957,0.005620553835087146,252,2.3498106219103154,0.006881456086583902,471
214_V7,1.639487855659732,0.006697390416971853,289,2.88400899500822,0.007807233272020925,511
214_V9,2.396634656583727,0.010160185768595275,315,3.692452959619508,0.010236618424540921,587
215_S1,0.9222005771501786,0.003751336023308093,342,3.0671483524470236,0.009581269843955536,623
215_S2,2.090468924987892,0.008947409197017697,335,3.5807216505375106,0.00897422973892178,737
215_S3,1.3078995358310623,0.004319651534523083,345,3.290199985747503,0.008652593247006757,653
215_V10,1.3951938280472695,0.004439606321490727,341,3.3339259433324013,0.007482825746407265,702
215_V11,2.723238104888985,0.008686874560019037,372,3.848195802785806,0.006902908148501325,761
215_V12,1.3914108744203062,0.003744574846074442,403,3.367857678734069,0.007594658896757388,800
215_V2,1.435625986124162,0.00945260452003664,213,2.7190417159247673,0.012662823650802303,374
215_V3,1.2759233219378425,0.007421278018161006,218,2.58366401842303,0.0095805794658446,412
215_V5,1.0349567489115794,0.008951339481037268,163,2.428051463852781,0.013045853187850327,275
215_V6,1.5994230213879834,0.006337483180126972,297,2.7833086882310747,0.0067734830301284426,524
215_V7,1.1785810189456953,0.004748414681632184,320,3.1745973804503747,0.009816282155526063,558
215_V8,0.8239397365373924,0.003644857857857079,337,3.045358081764582,0.008219370830510683,695
215_V9,1.850184169201662,0.005396319457596987,389,3.106665759580369,0.004611040237760207,760
216_V1,0.2806630143357936,0.014086696191081471,76,0.2946446498000668,0.006242956694362532,170
216_V2,0.9251999814933594,0.0141167013762817,115,1.2210383404204599,0.007632639755512914,225
216_V4,1.7858811984832308,0.009349162975131376,303,2.7285923170389768,0.007760102083994699,595
217_S3,0.9636617025210147,0.005952815072966447,223,2.425736073474138,0.008684919916084399,380
217_S5,1.0206421849999423,0.0035085774503569073,372,2.3109789966948218,0.003346743771903063,681
217_S6F,0.9157171624594064,0.0037532643224614335,350,2.1869972412961562,0.0035741778172894757,627
217_S7,1.6623371050443927,0.004902498372165999,395,3.1373162767443916,0.006772258459102769,739
217_V10,1.3737158869060335,0.005108464513773695,335,2.6419387243553287,0.005275026551459218,608
217_V11,1.088451051051797,0.0036186796373501784,374,2.6992031597748305,0.004573994108881063,703
217_V2,0.3252477107589955,0.010006988057156493,109,0.343185882756402,0.0052824476789426955,207
217_V4,1.0094466070251074,0.007702988456061256,186,1.0375534066127508,0.003802031536895267,374
217_V5,1.236161717843158,0.006729416644145184,243,1.8391938221590702,0.005049913216231098,443
217_V7,1.3889110550113732,0.005253872800620762,289,2.9560778540214305,0.008030666454641004,533
217_V8,0.7069502335644189,0.005187774888844844,230,2.4049568294973995,0.007435797311127949,397
217_V9,1.9760753132632372,0.005564501401465199,390,3.083870430456967,0.005186150415820523,732
218_V2,1.8117035518939424,0.01776969623505005,138,2.2991997245319005,0.007838900735833427,342
218_V5,2.0553341515162327,0.011836597079378272,254,3.14786474311959,0.008467857483125651,526
219_V2,1.821992361766801,0.008534453143266257,242,1.9690683536822808,0.00442156999808068,482
219_V3,1.2678885344452298,0.0059380372659957785,255,1.3402235823692688,0.002861795078266748,519
219_V5,2.4334960687847884,0.009749156406087886,384,3.1460898526062335,0.004006488765553186,816
219_V7,2.498981177167222,0.006771762197841889,418,2.5357410578249646,0.0032017267951736056,805
219_V8,2.8081522586684486,0.01024232015481913,457,3.0325022276694904,0.005686731399820724,863
219_V9,2.8947299238725543,0.010031891624773073,341,4.168506826887839,0.010331107199456678,616
220_S2,1.600699942154298,0.005739776547427214,301,2.2623971642642813,0.004142604679877039,539
220_V1,0.8193676421387326,0.023184360282542428,62,0.9110303251113242,0.011236019291335312,126
220_V10,1.9396414771673518,0.005717048567545977,364,3.1849702889798888,0.006940919208350523,686
220_V11,3.405049451307893,0.01682396552739428,417,3.7395747001657877,0.008729272473535063,861
220_V3,1.5014900623068541,0.028212131543614544,80,1.8698018543349126,0.01478438057594753,173
220_V4,1.4701200652049877,0.00792762395218329,235,1.9880069266048892,0.0052845509172907415,429
220_V5,1.285705048224676,0.006829610503400116,244,1.821618795507684,0.004685732500023481,432
220_V6,1.389751179690193,0.008890659387531186,211,1.8689503346401926,0.006262208339848365,354
220_V7,1.1068757454231724,0.0060490189804426,234,1.700215743224209,0.00416882329789107,413
220_V8,1.2172267101708107,0.00475817845105438,304,1.8101305098937248,0.0030843806418057846,570
221_V10,3.0944139345898978,0.01006244620380501,444,3.3838072185063934,0.006539075699626627,829
221_V3,0.2172473809464049,0.018762144093803473,56,0.2835871189629321,0.0068619063341741,155
221_V4,0.6451488461728998,0.013118267460551478,97,0.9585278973828704,0.0063443770368724235,218
221_V5,0.1465562228640375,0.021536858992351804,48,1.0149085631225283,0.013204639487550513,129
221_V6,1.1149409569421358,0.016469177574158795,115,1.94323590060275,0.012190733220203987,264
221_V7,1.616085781167051,0.014396143953015736,168,2.5422246856730397,0.010691088628132416,375
221_V8,2.4033901942029976,0.01018591610103362,276,3.7139807983249815,0.015528524218793997,548
221_V9,2.615147976143076,0.011927137968307399,249,3.090513189990859,0.007443643226534332,467
222_V1,1.8502826854528662,0.010541402399625003,271,2.552563546287934,0.008004919353201679,466
222_V3,1.3824562910915748,0.009791169271800926,215,2.6711529465827244,0.010787569890592744,393
222_V4,1.7315510368338811,0.009159254527336355,281,2.7422462360906836,0.010052616061112156,474
223_A1,2.349222450655478,0.006455000974501041,466,3.9688033952422446,0.009427475545609215,878
223_V2,1.781077070975092,0.01361736245912262,169,3.283721000409962,0.011086169140579872,350
223_V4,1.977632809802701,0.00990043064526039,267,2.1814713952014206,0.004402834766451319,598
223_V8,2.144733107941881,0.0052764210747708205,414,3.6549713622639572,0.007282307852871907,859
223_V9,2.259801866809291,0.005975669531610023,367,3.6483849250132887,0.007505567475152205,668
225_V1,2.2511341353167804,0.030607278315607816,133,2.5666185703937012,0.016226920636277616,262
225_V2,1.964587456517747,0.01864918934686675,159,2.7738433451318505,0.010040851556067062,379
225_V3,1.7327083896706035,0.017290529740155196,160,2.491392283577342,0.006568654876909132,393
225_V5,1.1416003450823962,0.006511226235999837,258,2.4372282633922264,0.005878799372570982,582
225_V7,2.121705151855046,0.006531143275289556,361,3.814348635909777,0.008742250798482216,783
226_A1,2.179458814955591,0.013226265443697528,308,2.3771880806822114,0.006919972211620634,639
226_A2,0.7760644302671191,0.004999064267659749,249,0.8502940773434304,0.0026693034144716584,472
226_A2F,1.773544908365031,0.005983760631162636,300,1.8786262540141798,0.003058140781702677,582
226_A3,1.0785850704387978,0.003743901158609865,362,2.036545467129263,0.003251034550784483,700
226_AF1,1.597336324160867,0.009540334278608151,241,1.7466257028686267,0.004779566204228986,480
226_S1,1.8780443942117269,0.008499080967111973,330,2.1914999899567182,0.004758064397682414,657
226_V1,0.15607939832449422,0.012892735781455325,80,0.1594557622792122,0.0072097689739230265,143
226_V10,1.0220759796642047,0.0037762169132551896,348,1.1893611559778214,0.002049796276050569,660
226_V11,1.595832202048769,0.0042838786030601995,391,2.8032510518284575,0.0045681041146622935,801
226_V4,1.9126738309980142,0.02147504353862958,154,2.3588400488471533,0.011690790540727166,300
226_V5,2.2249765635317154,0.014063235912742623,266,2.7204114601802245,0.0059557455080427295,575
226_V6,1.9352643064097363,0.012259920281411521,265,2.2333114787909896,0.00627813786730746,543
226_V7,1.9814939351196759,0.014589590634504511,230,2.400296369628784,0.009850577807815297,441
227_A1,1.8071135208541145,0.004169631042992767,429,3.1925476366939702,0.005550916643372549,867
227_A1F,3.402970401497537,0.01856718239209068,342,3.7712613871549108,0.011775909526330423,631
227_S1,2.691873153704712,0.019623677620398957,250,2.93902554303871,0.010136998248018003,503
227_S2,1.78382289365639,0.003949116237638739,474,3.5246216184001824,0.006597635736339823,918
227_S2F,1.9543349782818205,0.004122431896316093,451,3.8613874648429056,0.008316508411155431,855
227_V10,1.0899277038501776,0.0038122599534832356,349,2.209148527770033,0.003979017878668538,652
227_V11,1.079851727052325,0.0035624682424737248,370,3.202699469186353,0.007602813409939825,690
227_V2,0.07235290037948572,0.019135096185236216,53,0.08557810588479339,0.010812143361864751,94
227_V4,0.3006874392702137,0.012484158214253766,87,0.33320535438575744,0.006498091337528267,168
227_V5,0.451671230294454,0.011170934039060604,106,0.4888863840482762,0.0062627464724036176,191
227_V6,1.1005680991492386,0.016704496976543737,110,1.2849386457152028,0.008396150116998981,228
227_V7,1.7047472523537293,0.01396840249860492,185,2.2198293722274505,0.008592945153622796,394
227_V8,1.2721326790515748,0.005761436898247657,302,2.0978982409045748,0.004335339821903302,674
227_V9,3.2865554223179614,0.023182955350175276,214,3.8615613692653916,0.01470146790511518,405
228_A1,1.0249182130871253,0.003426541821160225,405,3.4847514015581513,0.01099306620387481,734
228_A1F,0.9940448454395951,0.003260342756645807,409,3.405432976987867,0.008797086633755734,745
228_A2,3.1278449105117545,0.008845870260806141,561,4.387171175064242,0.01104736367991044,1117
228_A3,3.4422593651879203,0.01268992332918527,429,3.07710209440687,0.0033113921506936783,855
228_A3F,3.849871215209414,0.017643666644419242,433,2.9955045528754445,0.003164853962520343,801
228_S1,1.973156480137556,0.010813771389743217,282,3.1693086230059215,0.012632480505969011,494
228_S2,1.0436265581402895,0.006580202969155193,219,2.4099571863394416,0.006580446262662306,455
228_S3,1.2584918328949342,0.00355296008371395,428,3.721600358184175,0.011526650588252666,787
228_V10,3.409487104608676,0.013371673703001814,412,5.03699191465198,0.026220797842482765,763
228_V11,3.0820845621838755,0.009596893532442197,500,4.289026246012051,0.011608842781891577,929
228_V12,3.728059427125033,0.013841400914204343,529,4.745728990563826,0.011856292560231414,1028
228_V2,1.4304721629015285,0.012748587706323408,159,2.01378728350251,0.006817278808548672,374
228_V3,1.8766758432400215,0.014081651837684676,180,2.113832430580327,0.005299209858084436,477
228_V5,1.742936497137306,0.015256246696652547,170,2.560695489358962,0.00973721517881306,392
228_V6,1.829636202901849,0.0113171378846502,218,2.5081516783922972,0.007756946609033455,417
228_V7,1.283322692856655,0.006402730704640965,276,2.3834865713641715,0.004616203422101077,623
228_V8,1.0137054441311066,0.0035042627676504135,383,2.7630754848817674,0.005028123977510162,710
228_V9,1.0454591697661972,0.005281606222446935,277,2.555167522593049,0.0066507827120780615,481
229_V2,1.7547235840014634,0.012371107590373975,205,1.9205456050452083,0.004630734010744236,449
229_V5,0.6118945247110696,0.007007979331930216,172,2.239895986557265,0.00844756035596221,343
229_V7,3.377302142566571,0.01761231643714149,334,4.380688675894587,0.017089160265703177,657
230_V1,1.7197913256137198,0.020767435744498047,124,3.0592175879515717,0.01645453055168876,240
230_V6,2.3988700505138287,0.013471295061434942,261,3.910789642584228,0.02088358428084275,485
230_V7,2.28909481838655,0.006618572679322797,475,3.9468761986388703,0.007987918713351435,979
231_V1,2.068597202256291,0.01647972098892084,142,2.3708007720023296,0.00873104105445767,283
231_V2,1.2416969562775153,0.007261142219821227,242,1.3287406998075415,0.0026854914193173898,531
231_V7,2.6864866422362397,0.008818331875215022,436,2.9780507474003066,0.004836179830807644,820
231_V9,3.2443784892365954,0.013826885716167308,456,3.7977935558775058,0.009558982850268415,869
232_V1,1.1693101120351101,0.11121916009012109,18,1.8590655027044798,0.03305031469120534,71
232_V3,1.8043020645833336,0.02614553765934092,112,1.7249061035364026,0.0063008042719873555,282
232_V4,3.3849305145498567,0.028287352678201913,260,4.831263697441537,0.02085795516182716,617
232_V5,2.054776618206322,0.010845539479287779,279,3.3836610391409265,0.010325103086615087,594
232_V6,2.3844400944477697,0.009776718597044397,332,3.478449797328304,0.0066258544330702,722
232_V7,1.8488067972018167,0.0074488416074411585,343,2.632409033924731,0.004624649101071271,701
233_A3F,0.772031285189778,0.003453095966265777,349,2.5280267964566545,0.0053741027707977194,596
233_V10,1.8312561917505281,0.00537333528871541,379,3.1349370396669705,0.005850894914439975,707
233_V2,1.8897743734872985,0.0212027914121227,150,2.8003034540957,0.010313820728611313,385
233_V5,1.5627583487143233,0.006388324777324606,275,3.257939276706104,0.010557592788916397,513
233_V7,0.7861116996702535,0.004106015046777492,309,2.2264731725656284,0.004438046881832045,562
233_V8,1.017486511813402,0.0045421060016078325,306,2.7589881187364287,0.00798008334015777,508
233_V9,2.030277456277147,0.006128139138829552,388,3.553017608757364,0.009180795830901605,701
234_S1,1.0713895432793976,0.0060808503945429335,251,2.3052015106652792,0.007000009939978796,460
234_V1,1.0092866498215702,0.026424723109189408,74,1.2688446585218407,0.015875864022087863,134
234_V10,2.158214117325129,0.005971167478987287,428,3.539127782948058,0.007244509973281099,754
234_V11,1.592398644676555,0.004122090347779402,405,3.30879274770901,0.0071472786544845325,704
234_V12,2.362133054339684,0.005426740568843704,523,3.830040231863873,0.0066153153910972606,988
234_V3,1.4790978593438728,0.03196301943555648,81,1.7587927100609648,0.018638462638646335,155
234_V5,1.4688704438493967,0.02014759354915213,115,2.406831762820982,0.021438950071140907,220
234_V6,1.316873858417522,0.015813233985936894,141,2.0560189248901253,0.011787882748350763,283
234_V9,1.2497555121913086,0.0038359561432037546,377,2.714999223791493,0.004084319094364932,669
235_A1,1.9451140724470888,0.006159039578807188,409,3.332576433506247,0.0070634493923487085,734
235_A2,2.2017996179759582,0.007695618709955413,387,3.8350547637442807,0.011720515256115347,664
235_A2F,2.2297555242536027,0.007670470223366107,389,3.95182022039528,0.011699400760053866,690
235_S1,1.66403640967166,0.0064061618301219534,310,2.5488551244080067,0.006924342704808125,560
235_S2,1.1309825562157168,0.00404628765216655,367,2.1839823197211228,0.004623282036428783,650
235_S2F,1.1089547340110824,0.0043314472129156924,339,2.15675383879263,0.004864398163136983,581
235_S3,2.646118200207709,0.0075633595790589835,445,4.119191259922458,0.01045017315599558,858
235_V1,2.0902172297911052,0.029776396234674863,112,2.093983976336046,0.008676646827466076,321
235_V10,2.2682820049481487,0.008398364115027635,388,3.6262694029631684,0.010176161837195902,701
235_V11,2.2083625085037206,0.006084081648111051,429,2.6788903208457704,0.0032293007127889776,910
235_V12,2.21525562012223,0.007755388058784926,414,4.055683659865544,0.01320662916906052,747
235_V3,1.879046058779892,0.019947895575069798,116,3.632080396156318,0.024300558132544232,344
235_V5,1.9997643611259264,0.014696294031800734,178,2.207862942883918,0.006603738557223067,397
235_V6,1.9212060083731481,0.00854906664452511,248,2.199534314377767,0.0048695903266971355,489
235_V7,0.6386932101550507,0.0071080466810931175,164,1.398200418732588,0.005072793269697465,328
235_V8,1.2776815986619365,0.004820125881454049,314,2.175593050210338,0.0044468624722069985,583
235_V9,1.7339712212891876,0.004541894700749935,433,2.6874424473985097,0.004513863956161169,796
236_A1,1.0548639950259289,0.014655666429150125,113,1.1339832450665095,0.007265521462298131,227
236_A2,1.2882717614131518,0.007072852516257199,247,1.9591168011911275,0.005354527040843343,430
236_A2F,1.2314489545748575,0.004988884379606878,299,2.4044006114427083,0.005924289392061587,533
236_A3,1.217702493512443,0.0069919210406356146,215,1.3273365414747644,0.002763422002764532,530
236_A3F,1.8662975946234996,0.007041611362905785,307,3.0096858076400426,0.006886179697588376,591
236_A4,1.858139535005586,0.005948571411650992,332,3.067523928978472,0.006050205599001967,666
236_V10,2.9755469496858638,0.00689242150468631,526,4.7053734941171035,0.014607343814797323,1086
236_V11,2.0966388756737993,0.004375841441077643,483,4.064381616228367,0.010471840521261584,913
236_V12,1.8741825369285692,0.004167407745352673,456,3.6058363161515414,0.006827521876392924,893
236_V2,1.1309831944182742,0.02096678028807594,97,1.196877438316101,0.009030342877147013,227
236_V3,0.9706376945410576,0.02262788039000924,78,1.0423846031885198,0.009293962371824258,191
236_V5,1.1898419299399212,0.016885342135962614,96,1.1266002927935492,0.006595965845414798,232
236_V6,1.8780019574207443,0.025558862281255056,112,1.7751328293948943,0.009783207456941539,243
236_V7,1.0333699534146183,0.009057973918750338,158,1.143113368648437,0.004814444879587315,298
236_V8,2.147485088213534,0.008780032702452844,287,3.1605086963251705,0.008228186197324374,588
236_V9,2.112718553932375,0.005565338745949264,382,3.441534615471769,0.00662592647127641,736
237_S1,1.6476249607730398,0.006067223368783475,313,2.508330173803275,0.004385099298320267,606
237_S1F,1.451559704168361,0.005728265167748014,294,2.6181413284688646,0.004752971312881804,596
237_S2,1.5836448829246497,0.007099159389380956,258,2.686737915091552,0.006016576401403251,474
237_V1,0.15957720769965006,0.022568139022176546,46,0.1406554740213103,0.00946049916496874,109
237_V10,1.7513453551488742,0.0062538174675903545,306,3.164441170200844,0.006948923906835842,582
237_V3,1.5800115943082467,0.03599097613976529,74,1.7267045235923106,0.017330367613771568,156
237_V5,1.8461737111617786,0.02977583829116479,92,1.9250447904849208,0.014840376188992383,173
237_V7,1.4910732932955495,0.008040356637550712,224,1.8404529357843686,0.004144983648763735,485
237_V8,2.4008091392007977,0.012740696131279206,292,2.9247725333177144,0.00749495284264108,557
237_V9,1.5486948048820173,0.007039376176170273,261,2.486122307789789,0.004731222824358684,546
238_S1,0.7415043954463894,0.008117582217677128,161,1.2074786707002558,0.005513602653068611,281
238_S2,0.557179593573807,0.0067374484057486856,172,1.0682103157766645,0.0046890334899711795,293
238_S2F,1.0702343217360761,0.005733736942165598,248,1.582909174348096,0.0038972334667729835,440
238_V1,1.5211134416395542,0.01200652104920179,188,1.7620771066284882,0.006545071513510796,364
238_V10,1.4854297357822484,0.005337669387063628,305,2.110628789250268,0.003444534796133343,580
238_V11,1.0664522915083772,0.004208160130383218,319,2.3044337068553307,0.00436046735978755,596
238_V12,1.1698198211650908,0.0035980757411596107,380,2.602160547493362,0.004444474894824864,715
238_V3,1.3208551161255366,0.017126846888590494,128,1.6627733760866497,0.009301036834408057,265
238_V4,0.05068934062904372,0.014215973651798343,71,0.05105432413069393,0.0077002853554674075,131
238_V6,1.3844402259278823,0.023465112852787316,97,1.6767714387279458,0.013257692285685694,180
238_V7,1.4781751595763224,0.011402396285564453,205,2.3672732706467765,0.011522419621470556,339
238_V8,1.2637061594261927,0.006663468690227288,242,1.9486387968323937,0.004253249810854822,466
238_V9,0.7640723644530981,0.006085298423965397,204,1.278305188857796,0.003904796875636137,379
239_S1,1.8048180167370618,0.008236903708033868,295,3.1700224995372963,0.010127519994607969,518
239_S2,2.048442524638857,0.011871842247269504,249,2.3119039879571557,0.006315463262919072,476
239_S3,1.913282040819368,0.005040942737969568,431,3.5477728497912286,0.008907171505599401,801
239_V1,1.0525208258107581,0.00993158369807778,149,1.155835794633401,0.004785460819303962,290
239_V10,1.8796649411742574,0.005445115657398348,384,3.6351365375878317,0.009797251239005798,690
239_V11,1.0720625963778223,0.003967617347800584,337,2.6576018169547897,0.004648399050870024,601
239_V3,1.7352374837390496,0.023491008736697967,125,1.9620062068214752,0.011476422800300664,271
239_V5,1.7296159746717468,0.009424026256021796,251,2.991352644348292,0.010341962790813095,437
239_V6,1.8966268621849856,0.009642907743924288,286,3.3880401290008395,0.01407113408213535,489
239_V7,1.5880704792387579,0.006382079414600332,307,3.1494596297142796,0.010976797583348701,523
239_V8,1.8567809482028128,0.009709320860134868,261,3.018062839941883,0.010530562164923022,464
239_V9,2.22673934018394,0.010224024557922724,352,2.86457838106951,0.007317317677521467,624
240_A1F,2.1552970606814976,0.006110288481174274,454,2.5412788199599863,0.00307951162426117,824
240_A2,2.852819535690246,0.011731644061220091,382,3.8233434219610816,0.011252273834370944,748
240_A2F,2.8944797902614354,0.012613882328582907,383,3.779584651979168,0.011102146368194753,729
240_S1F,0.9823131596212527,0.008497465496876189,158,2.6905650322947205,0.012787834157006666,311
240_V2,1.6274238996537524,0.008246366532527867,234,3.139266650385227,0.015319824037676863,377
240_V6,2.1191030997989024,0.008783239332417725,346,3.10320285775683,0.0070617090063182985,655
240_V7,2.168962872896011,0.009251905014670688,337,2.7110189301559577,0.004774832979334652,627
241_S2,2.7161429761200755,0.0069936445287982,433,4.555532919874467,0.014942906135407111,791
241_S2F,1.7856880321985753,0.005417030128891518,344,2.9742274272448914,0.0049089012126597945,622
241_S3,2.4110751786370854,0.007558003130014628,367,4.073962098504059,0.014699712256925741,654
241_V11,2.539124201985853,0.008278214246900733,364,4.180291309660567,0.013209178165947803,636
241_V2,2.8807579192676895,0.01854264711257313,284,3.434043458835749,0.00774491788500302,713
241_V5,2.0187399754159197,0.007593923488984331,372,3.7384808113076167,0.01190095722563166,782
241_V6,1.7240364786535023,0.0063812360737881685,393,3.391397404920744,0.009897130498951807,775
241_V7,2.5845190905879214,0.008445280946934254,436,4.342372228602883,0.014993186928283228,842
241_V8,2.7472096404937925,0.008937924387762568,470,4.335456478270219,0.013750330966303287,903
242_V2,1.8653139847722868,0.014601230463294252,177,3.0565400688123474,0.011623716950627559,422
243_A1F,2.287027053125094,0.006678493249188411,445,3.919124369387359,0.006803133970207247,872
243_V1,1.4434009302325457,0.021683267511339477,109,1.5313632461483317,0.010829492588912755,217
243_V3,1.7872742730150801,0.01652158557814413,144,2.248831073554063,0.009777403438541823,297
243_V9,2.15864677524388,0.009728409899577297,323,2.5682637509268424,0.0040709405431131095,742
244_V1,0.933638043751212,0.016331204214115172,95,0.561937682817,0.005434136965758039,213
244_V3_1,0.20687095150303111,0.006187596207046546,168,0.178307411960109,0.003199176870616926,321
244_V3_2,2.1958659610892575,0.014328767440025257,223,2.37370832695921,0.007235101164959367,446
245_A1,1.8528622398906651,0.005762237414227661,430,3.6034996751866677,0.009428635715595773,819
245_A3,2.506409267373661,0.007848820505924746,465,3.72272688389764,0.008158863924748938,909
245_S1F,2.7019627097139476,0.007087906229677729,488,4.215416720103234,0.01002840616111719,959
245_S2,0.11875234848306364,0.01331673041033243,77,0.1155767692545403,0.006421135161244596,159
245_S4,2.3207271757900574,0.0060880487388785326,423,3.7167744698121012,0.009314012174716937,787
245_V10,0.714386889339815,0.0038715271170978787,323,2.194988016814652,0.005163336187020919,596
245_V12,1.6796281932182886,0.003918466570009799,447,3.4167963689174985,0.006195119176085199,866
245_V2,1.907982081890913,0.012754859154263143,209,2.5979210744800074,0.008559596261223172,384
245_V4,1.7819047913251664,0.009221606037162183,270,2.5639998845400642,0.006960256737640326,469
245_V6,1.9239927373748,0.005441627585063015,407,2.9722167740630145,0.004928246712195517,731
245_V7,2.136897970681672,0.006075957516444499,425,3.8095765805260653,0.010189592199842952,777
245_V8,1.5522187917629113,0.004748289368506595,389,3.024484532468086,0.006456232240876366,669
245_V9,2.5119249205632657,0.007114023478308478,479,3.844923003942366,0.009125494493767731,907
246_V1,0.498409516284546,0.024445755887993078,48,1.3678980553898628,0.016964289099449924,102
246_V10,2.0181922143835838,0.0067799902693001,403,3.770771189725445,0.011703003295085746,688
246_V2,1.7592769096801761,0.014568453128851836,168,2.5364155597665294,0.011558445481849767,299
246_V5,2.4206880456335047,0.011883885061005184,297,3.6726085862912323,0.014277656816337364,514
246_V6,2.3475450673733262,0.008812834498678394,367,4.149963394321594,0.016935989694302104,655
246_V7,2.591698190248442,0.009746981935295591,348,3.9953401855509556,0.013927149825235673,651
246_V8,2.009379431961274,0.007213129034206873,361,3.716263258981179,0.012194134606787806,601
247_S1,1.9508590382470057,0.005366380790183993,388,4.021867383638083,0.012980952916411324,713
247_S3,2.1518787068684775,0.00530067659247075,431,4.079685409651153,0.013872423806036658,779
247_V1,2.0720906185453125,0.01619191141057156,176,2.7173091685166186,0.01330992927175744,320
247_V10,0.8753072329278501,0.0041310523325698845,304,3.108105340022009,0.009875158620135046,587
247_V11,2.1563392846881833,0.006050380800226159,408,3.9681257288239387,0.013890123687919417,729
247_V12,3.1429740416555387,0.010697794489470152,538,4.143378213215639,0.009453656321319828,1107
247_V2,1.953160496677661,0.01650928224322263,166,2.665373095163787,0.014569599912627802,288
247_V3,1.6017136973601733,0.011699443934690005,186,2.301291499705024,0.009690057805251309,321
247_V5,0.8913023437241573,0.008776401184832323,152,1.789535677356404,0.00812565473074733,256
247_V6,1.5359364659850863,0.008411580480524686,206,2.6613852795387127,0.011521037079880139,336
247_V7,1.7594695649385077,0.010445547538802455,221,2.881392739682268,0.013525867966993054,360
247_V8,2.162419324136385,0.010292628613788303,280,3.214232666472301,0.012512967296272381,486
247_V9,1.0786362809372465,0.004021872323567462,336,3.0666062401586522,0.00935573899819258,588
249_A1,2.7180504086641286,0.006443266051483641,504,3.222238284424589,0.004084606158672408,1019
249_A1F,2.7046695116986874,0.006613931669852333,442,3.9958056837467177,0.007548656267179983,812
249_V11,3.014044131224518,0.009229936371270937,517,3.8560804740744565,0.007803099945152424,1032
249_V2,1.3297829321144814,0.007100620679672802,238,1.6597380739535796,0.00363774585492144,517
249_V5,2.9871784941793478,0.018631013000745784,269,3.040362056953611,0.008032947753282452,537
249_V6,3.26400608920055,0.015467531636831153,392,3.692682375924765,0.008523484076723636,797
249_V7,2.9097522531686586,0.014733567602263074,297,3.0349244728536697,0.00731032611241547,581
249_V9,1.904216362371974,0.004143918576470619,472,2.240792833513443,0.0023775566088145954,923
250_S1,1.4689543701650791,0.010549089594664652,174,1.6293555955488181,0.004709061295108712,366
250_V10,2.0310271970465346,0.00584608236734561,451,2.9065598990545394,0.0048810375845262455,888
250_V2,1.5851245964790166,0.008691439192729042,207,1.6320179779546606,0.003728574907525064,460
250_V5,1.0752134600479173,0.008988389009859139,170,1.2569270719499497,0.003613212138265423,410
251_V10,1.7853922788624321,0.0047659541748139465,397,3.410356019470516,0.006089555978271298,777
251_V11,2.6159569558893887,0.00510032020299728,498,4.108568156624851,0.007507796854546378,1018
251_V2,0.6540662669558908,0.020888204170293637,63,1.2044585236582654,0.011168460607856756,147
251_V5,2.022106118458722,0.031167033515040608,113,2.7150503107023036,0.016065762542047377,317
251_V6,2.249677782056054,0.015916696339880416,227,2.8729778933833865,0.01125263770362856,448
251_V7,1.6067333963768937,0.009563090209664492,227,2.439309993900427,0.00849066204417153,442
251_V8,1.6087041209639334,0.008628769145430674,239,2.5115013731546516,0.007434037904323455,475
251_V9,1.7086805948251593,0.005041678781260012,370,3.4783542235081324,0.008809209516855657,722
252_S1,1.9728183630678704,0.0151155373304773,196,2.53736102952236,0.009427208983569637,402
252_S1F,2.57114304802337,0.018838977643318933,223,3.1997999670448607,0.012215644181153677,455
252_S2,1.6475099999470306,0.010479776377500577,192,3.1530157153463323,0.012330537230875752,407
252_S2F,1.800734839477871,0.013413343886767256,193,3.021654062019713,0.013832115019463478,402
252_V10,2.5513228077888637,0.00693082133013808,394,2.985169472063845,0.004054201839809182,717
252_V12,1.742987851438067,0.003368221717467981,524,3.6261628127308616,0.006778728379638591,1004
252_V2,0.11161385553808005,0.010306180278446549,99,0.17564996163195037,0.005182907741922011,199
252_V5,1.3531693333143409,0.011904475311724998,139,1.4466514239796406,0.00520934786018976,305
252_V6,1.7920425651471512,0.016610667770169188,156,1.914128514596317,0.00794743832086992,344
252_V7,1.6730347158409313,0.006878957360850429,320,2.285859139476446,0.004665493154481707,696
252_V8,1.7561468461547902,0.007940120369924692,263,3.212242299654604,0.011981459665386203,507
252_V9,3.3305220754209164,0.01722139285949612,358,4.156896683964447,0.016240564106162796,651
253_S2,1.7164717587147007,0.009216118814659243,212,2.832092557659873,0.009101203657556924,384
253_V2,1.649030643399902,0.009571716829743825,188,2.3811731935618816,0.005589530566119984,404
253_V5,2.820631874864203,0.015571746382676784,257,3.773832470646178,0.013759193791547816,524
253_V6,2.2844612382239458,0.012375276226673839,219,3.3145910101876104,0.009059433421778734,461
253_V7,1.6509008177754225,0.009174083331034597,200,2.7678476321103394,0.009538567746364043,370
253_V8,1.39678766687637,0.007862158542190101,211,2.581442021046262,0.007473658706507155,395
254_A1,2.2416084877946494,0.008637308474259326,327,3.128294948135225,0.007143694050921042,601
254_A2F,1.0003467953854905,0.006228545406244372,221,1.8793250533814503,0.005140158392701673,372
254_S2,0.8665756494612686,0.005535220269695988,230,1.6335586087948106,0.004078584690949251,426
254_S2F,1.039550210765861,0.005525969562434297,260,1.7830437912253005,0.004400090642494245,455
254_V10,0.9326656082702914,0.004500949095706021,289,1.8065374905707923,0.0035615661479411224,500
254_V2,0.3235349224012745,0.023610735305340424,46,0.14108002334603054,0.01068770163196836,96
254_V7,0.8561938355741056,0.006282899108271465,204,1.635725844167942,0.00473075838738088,370
254_V9,2.0093880610190626,0.005785165461430358,385,2.7624155237077312,0.004859977702030792,667
255_V3,1.519012630932156,0.007573237214632233,269,2.380228021259503,0.006596852499212214,466
255_V5,1.181486787615707,0.016040772986814174,115,0.9295640929226104,0.004852473332085255,273
255_V6,2.1000676177572872,0.01221611888783401,245,3.1326843233871475,0.012527988210365604,483
255_V7,2.0969642586009685,0.0103741614147172,288,3.100466661476476,0.009849416245481421,555
256_V12,3.60153336914083,0.013209083947820601,493,4.769228773355299,0.0126196647037881,956
256_V2,1.2611535305497268,0.022334994948759207,91,1.8737620345725,0.009225364539109729,271
256_V5,2.176921197562404,0.012436206681826663,239,3.0031782542824703,0.00708472806403453,515
257_V2,1.3413314200413027,0.01421437118165323,130,2.079811396400437,0.007696160730584056,283
257_V7,1.378406919532848,0.008329549699237233,200,1.950442783444674,0.005513007826100222,339
258_V1,1.797197838357921,0.006191422072842896,403,3.21138405723582,0.005680224834079688,860
258_V10,1.4771520071245243,0.004251754654984148,379,3.1723762039055488,0.006115568860504049,683
258_V6,3.1036152218878166,0.017468434079780236,339,4.514533460083842,0.017155144358358337,657
258_V7,1.3335994352350835,0.004221541674267144,343,3.131591391514964,0.006771138144206793,677
258_V8,1.6618997987074238,0.005279515825493745,360,3.341541188967904,0.008244322711234946,714
259_V1,0.8417470242763329,0.01610572353557175,84,0.954866202152056,0.007958429120485694,171
259_V11,2.715616693216826,0.008476004582709735,373,4.368481574920995,0.013846164179237503,726
259_V12,2.35571507459522,0.0061721702791525035,418,3.904725867502702,0.008553081499155468,766
259_V2,1.2187878326642005,0.027447105623031733,73,1.325200833672407,0.013185694839844962,154
259_V5,1.5768260112736443,0.014007918829877107,178,3.1359866554452442,0.017843175822684142,364
259_V7,1.8659161369519535,0.005829700647981203,361,2.973256202816502,0.0065803967297932975,613
259_V8,2.640734848084061,0.009629091986607765,392,4.387194571842362,0.015229845249462503,751
259_V9,1.5393276225432342,0.004195652816982799,384,2.7688428553404787,0.004052124601391423,740
260_S1,1.8748524848690955,0.012132280006998513,225,3.3911967901856848,0.016726994662476374,426
260_S1F,1.6107299423013182,0.009054581643433618,237,3.3490737864133466,0.014421446092778406,492
260_V1,0.9577469292980345,0.02209741999980035,75,1.2215524523711851,0.013530921085670496,130
260_V10,1.8073926634339275,0.006700562461109978,355,3.718333707727337,0.012001468981262533,633
260_V11,1.7294647836744257,0.005251605839837667,409,3.7570213049089336,0.008523233688722718,772
260_V12,1.7281376065975236,0.004186560908118349,464,3.7087439693152517,0.007970013322490251,842
260_V3,1.1584222877163,0.012208282913082536,125,2.194862972899615,0.008422398342400779,286
260_V4,1.243977346613779,0.013273929209859626,143,2.0376383269652605,0.010238085345224749,327
260_V5,1.9361253722819283,0.02275925643102421,137,3.0081221182267046,0.018196810739521785,296
260_V6,1.916252232390103,0.025784115345681525,117,3.3674643267271205,0.02754843481721233,251
260_V7,1.7872720442834016,0.010459627008204492,259,3.1382672497082105,0.011863617603160567,505
260_V8,1.7258679904484115,0.0091058751465025,250,3.356998496330658,0.014507891548972453,464
260_V9,1.4519456848206167,0.007563045019917959,257,3.382501382658569,0.013472811582878594,456
261_S1,2.143080947898933,0.013528498812283409,220,2.518008556612388,0.0073922430897907475,462
261_S1F,0.691668310284596,0.00252573289419501,464,1.6809510175370959,0.001636419458147831,1111
261_S2,2.6680217124656576,0.012290088303729034,286,3.424425775140375,0.009714608210665004,592
261_S2F,2.563210200297764,0.010349186873057536,309,3.2516379620969365,0.008711047758184749,614
261_S4,1.7581360669911876,0.007425521279596766,323,3.070157957920326,0.008760439658860811,545
261_S4F,1.6691228209039284,0.006486145623130006,327,2.9661108693324896,0.007127913497626735,584
261_S5,1.7558245061272333,0.006987438254511641,356,2.600681028557774,0.005848484616357572,618
261_V4,1.4352313693131096,0.0097512367864993,214,2.696703379031245,0.006611738431739298,541
261_V5,1.417448812350068,0.00808126458091233,230,2.356482663368227,0.007773789800196248,457
261_V6,1.2140364155207568,0.006972459967963919,232,2.4967985359714806,0.007496671655287644,513
261_V7,3.1074416802212097,0.026790955059830604,230,3.4517839090857256,0.011118552432720004,531
261_V8,1.2450550031095573,0.004976555348945389,312,1.6667749560323448,0.0032333218281181434,556
261_V9,0.7967283635728174,0.0040842669057950115,298,2.0196811804510624,0.0043878000870667885,544
263_S1,1.7021489669199132,0.01636704260346183,173,1.9087346882509553,0.00953270746436502,312
263_S1F,2.1678581874252036,0.022549662206506005,175,2.3741889007544295,0.013101984224164375,322
263_V1,0.05143856358860441,0.016008042631288723,63,0.05330678182397663,0.007875370753957792,128
263_V11,0.8654474365769925,0.003626153503468736,341,2.6851840681717696,0.005085586023669239,624
263_V2,2.289964867906164,0.018538957436677113,212,2.7500564119844886,0.009601097632347433,420
263_V6,1.5378236649095767,0.01344510024377663,160,1.764081599347229,0.0073991237311914525,320
263_V7,1.649602483812497,0.00896909978701433,227,1.9612943337162292,0.0056352301764375015,412
263_V8,0.6651236157079329,0.004407026463752816,272,1.7749310633516782,0.005311540716474822,461
263_V9,0.9316389432713252,0.004205037279696314,304,2.3771935474017307,0.005760720402136503,538
264_S1,1.2282244475659174,0.00639682495155593,242,1.4617518352618326,0.0025974789061244253,625
264_S1F,1.7293053266042224,0.014668759123754488,185,1.8352891728432288,0.007001863410058934,386
264_S2,0.8785992248605028,0.006544095065600955,214,1.2325240506257822,0.0033285571777987005,480
264_S2F,0.8455540350425798,0.006728585307511907,196,1.141002532436267,0.0030039080162598936,479
264_V1,1.3628639239981588,0.019420819681877668,110,1.6775642856406556,0.009450868341003154,244
264_V10,3.0056148843168913,0.010504969565657506,377,4.524460308395741,0.016852475465536226,687
264_V11,2.523635970043014,0.006398973839310091,474,4.101810200321458,0.009658498903301711,867
264_V12,3.133643343435795,0.008354085870233558,516,4.032992474855844,0.007341317974565186,1025
264_V3,0.779545618658126,0.010129347564916593,125,0.9572332279375578,0.0043107852826105965,306
264_V4,0.42241946888122567,0.01777774212927631,64,0.6400623964360368,0.0074612957073956375,162
264_V5,1.457356893738681,0.014073137582655456,155,1.6269317481459848,0.006803007394963141,342
264_V7,1.2624498765183985,0.01108855938160623,189,1.5275002627525285,0.0053784290920204265,430
264_V9,2.65089934482797,0.010560974569361834,385,3.686083481409459,0.008955932415757532,708
265_S1,2.342826985251038,0.02220414281093175,178,3.0399996612041793,0.017257452677208233,371
265_V2,1.2116195969905492,0.008820933147205282,167,1.3143666662957838,0.004553516462085121,326
265_V4,0.9752789211241759,0.00853674766581918,159,1.0586900953444576,0.004686092341950014,288
265_V5,0.8518041257940511,0.004637710177653735,280,0.9202571283209995,0.0024546253235092357,522
265_V6,0.29681725462356406,0.010605184185827846,101,0.46773058927356614,0.005587724329306421,200
265_V8,1.5111522914172284,0.007462890853206594,264,2.1985896006370846,0.005132602155704213,464
GD5_1,3.6269250504253083,0.013896805710434227,540,4.225141669690833,0.00852379609719537,1083
GD5_2,3.81177092982501,0.01468807081660068,561,4.253778805945347,0.007645451320277864,1187
GD5_3,3.7037105121858254,0.013603170433209083,566,4.247215116923327,0.007860744140457676,1152
GD5_4,3.7310015417793707,0.014118102156633618,574,4.331974210649771,0.00847438525606597,1175
GD5_5,3.6744435460995692,0.014118430247137617,543,4.238215833425062,0.008047532605055243,1143
GD5_6,3.765884347462024,0.016159615477637144,530,4.4535123666018555,0.009983490530233006,1119
GD5_7,3.738324274190992,0.014637122890514916,559,4.318121118310751,0.008452297858528279,1166
GD5_8,3.641587095754265,0.01312113502195994,547,4.152605139092577,0.007631039310227894,1088
GD5_9,4.0116223161946385,0.018308749729928873,581,4.738238289297987,0.012824016291686592,1192
MSA2002_1A,3.154280589635223,0.04673588715880928,122,3.176538858788471,0.020368643881229248,255
MSA2002_1B,3.108418626790353,0.04403103021219551,127,3.109034430079498,0.01880690126809999,270
MSA2002_2A,3.175282104656064,0.04671842013462843,127,3.20957454391002,0.01974619705215994,276
MSA2002_2B,3.067378154118438,0.03921875914151147,135,3.0675842097666455,0.017551195451518488,273
MSA2002_3A,3.1623442164788598,0.044337413090567455,139,3.1792057427107263,0.01785033655504896,312
MSA2002_3B,3.109803721309049,0.047803895557653055,120,3.1205402589538096,0.019559621700043918,267
MSA2002_4A,3.10007221403731,0.04119684561338648,132,3.1091397118716038,0.017257482434579707,286
MSA2002_4B,3.10856609887917,0.04350964505767066,125,3.119568875303976,0.017306622336087107,285
MSA2002_5A,3.0901357246542944,0.03863116059348648,141,3.091728586401481,0.016691135851961105,296
MSA2002_5B,3.1442919673514975,0.05311608230539767,109,3.159482399608823,0.02118784465846385,249
MSA2002_6A,3.1928283435480767,0.038213639522279984,158,3.2669675339395603,0.015549592258169603,356
MSA2002_6B,3.2522973075886203,0.05291807063052746,122,3.3100359770825407,0.022944631394063317,261
MSA2002_7A,3.173324049128476,0.04717312631845259,125,3.192796071453984,0.02169824455799186,245
MSA2002_7B,3.1337188012841533,0.04325555051008678,128,3.1509159721069953,0.018547574597655964,272
MSA2002_8A,3.09864651813743,0.041968264939443466,132,3.095020565129928,0.017308942173763896,286
MSA2002_8B,3.1984064696926353,0.05119408612843702,127,3.2261433682809364,0.021680479646917578,278
MSA2002_9A,3.0924787212978404,0.04719490488234844,124,3.0904001991866554,0.019074324626952258,279
MSA2002_9B,3.088439067385648,0.044204467327869736,130,3.088252064367237,0.018719317494996654,280
